RES,CB506,USBAL,ARCA15000635,JP80063292,SALSK2D44BA258426,VA,3/24/2015 7:24:00 PM
RES,CB506,USBAL,ARCA15000635,JP80063292,SALSK2D44BA258426,VA,3/24/2015 7:24:00 PM
RES,CB506,USBAL,ARCA15000635,JP80063292,SALSK2D44BA258426,VA,3/24/2015 7:24:00 PM
RES,CB506,USBAL,ARCA15000635,JP20061959,5XYKWDA2XCG191598,VA,3/24/2015 7:24:00 PM
RES,CB506,USBAL,ARCA15000635,JP20061959,5XYKWDA2XCG191598,VA,3/24/2015 7:24:00 PM
RES,CB506,USBAL,ARCA15000635,JP20061959,5XYKWDA2XCG191598,VA,3/24/2015 7:24:00 PM
RES,CB506,USBAL,ARCA15000635,JP50064020,1D8HN44H68B163734,VA,3/24/2015 7:24:00 PM
RES,CB506,USBAL,ARCA15000635,JP50064020,1D8HN44H68B163734,VA,3/24/2015 7:24:00 PM
RES,CB506,USBAL,ARCA15000635,JP50064020,1D8HN44H68B163734,VA,3/24/2015 7:24:00 PM
HON,CB504,USBAL,ARCA15000335,LAY0059866,1GCCS19Z8K2249135,VA,3/2/2015 7:00:00 PM
HON,CB504,USBAL,ARCA15000335,LAY0059866,1GCCS19Z8K2249135,VA,3/2/2015 7:00:00 PM
HON,CB504,USBAL,ARCA15000335,LAY0059866,1GCCS19Z8K2249135,VA,3/2/2015 7:00:00 PM
HON,CB504,USBAL,ARCA15000335,JP20059645,WMWMS335X9TG88606,VA,3/2/2015 7:00:00 PM
HON,CB504,USBAL,ARCA15000335,JP20059645,WMWMS335X9TG88606,VA,3/2/2015 7:00:00 PM
HON,CB504,USBAL,ARCA15000335,JP20059645,WMWMS335X9TG88606,VA,3/2/2015 7:00:00 PM
COG,CB505,USBAL,ARCA15000524,LAY0060790,5TDJK3EH9AS035746,VA,3/12/2015 5:30:00 AM
COG,CB505,USBAL,ARCA15000524,LAY0060790,5TDJK3EH9AS035746,VA,3/12/2015 5:30:00 AM
COG,CB505,USBAL,ARCA15000524,LAY0060790,5TDJK3EH9AS035746,VA,3/12/2015 5:30:00 AM
RES,CB506,USBAL,ARCA15000635,JP80063283,WBA3C3C57EP662585,VA,3/24/2015 7:24:00 PM
RES,CB506,USBAL,ARCA15000635,JP80063283,WBA3C3C57EP662585,VA,3/24/2015 7:24:00 PM
RES,CB506,USBAL,ARCA15000635,JP80063283,WBA3C3C57EP662585,VA,3/24/2015 7:24:00 PM
COG,CB505,USBAL,ARCA15000524,LAP0060050,JN1FU21P2NX882697,VA,3/12/2015 5:30:00 AM
COG,CB505,USBAL,ARCA15000524,LAP0060050,JN1FU21P2NX882697,VA,3/12/2015 5:30:00 AM
COG,CB505,USBAL,ARCA15000524,LAP0060050,JN1FU21P2NX882697,VA,3/12/2015 5:30:00 AM
RES,CB506,USBAL,ARCA15000635,JGP0064209,1GNET16S566147973,VA,3/24/2015 7:24:00 PM
RES,CB506,USBAL,ARCA15000635,JGP0064209,1GNET16S566147973,VA,3/24/2015 7:24:00 PM
RES,CB506,USBAL,ARCA15000635,JGP0064209,1GNET16S566147973,VA,3/24/2015 7:24:00 PM
COG,CB505,USBAL,ARCA15000524,JP70059838,5N1BV28U25N132566,VA,3/12/2015 5:30:00 AM
COG,CB505,USBAL,ARCA15000524,JP70059838,5N1BV28U25N132566,VA,3/12/2015 5:30:00 AM
COG,CB505,USBAL,ARCA15000524,JP70059838,5N1BV28U25N132566,VA,3/12/2015 5:30:00 AM
RES,CB506,USBAL,ARCA15000635,LAY0062876,1FMYU03111KC20695,VA,3/24/2015 7:24:00 PM
RES,CB506,USBAL,ARCA15000635,LAY0062876,1FMYU03111KC20695,VA,3/24/2015 7:24:00 PM
RES,CB506,USBAL,ARCA15000635,LAY0062876,1FMYU03111KC20695,VA,3/24/2015 7:24:00 PM
HON,CB504,USBAL,ARCA15000335,JP60059843,WA1DGAFP0EA124546,VA,3/2/2015 7:00:00 PM
HON,CB504,USBAL,ARCA15000335,JP60059843,WA1DGAFP0EA124546,VA,3/2/2015 7:00:00 PM
HON,CB504,USBAL,ARCA15000335,JP60059843,WA1DGAFP0EA124546,VA,3/2/2015 7:00:00 PM
HON,CB504,USBAL,ARCA15000335,LAZ0059828,2B3KA43R48H323841,VA,3/2/2015 7:00:00 PM
HON,CB504,USBAL,ARCA15000335,LAZ0059828,2B3KA43R48H323841,VA,3/2/2015 7:00:00 PM
HON,CB504,USBAL,ARCA15000335,LAZ0059828,2B3KA43R48H323841,VA,3/2/2015 7:00:00 PM
RES,CB506,USBAL,ARCA15000635,JP80064022,2C3CDXBG7CH261862,VA,3/24/2015 7:24:00 PM
RES,CB506,USBAL,ARCA15000635,JP80064022,2C3CDXBG7CH261862,VA,3/24/2015 7:24:00 PM
RES,CB506,USBAL,ARCA15000635,JP80064022,2C3CDXBG7CH261862,VA,3/24/2015 7:24:00 PM
COG,CB505,USBAL,ARCA15000524,JP60060325,2FMDK52C79BA71705,VA,3/12/2015 5:30:00 AM
COG,CB505,USBAL,ARCA15000524,JP60060325,2FMDK52C79BA71705,VA,3/12/2015 5:30:00 AM
COG,CB505,USBAL,ARCA15000524,JP60060325,2FMDK52C79BA71705,VA,3/12/2015 5:30:00 AM
COG,CB505,USBAL,ARCA15000524,JP50060785,JN8AS58TX8W019016,VA,3/12/2015 5:30:00 AM
COG,CB505,USBAL,ARCA15000524,JP50060785,JN8AS58TX8W019016,VA,3/12/2015 5:30:00 AM
COG,CB505,USBAL,ARCA15000524,JP50060785,JN8AS58TX8W019016,VA,3/12/2015 5:30:00 AM
RES,CB506,USBAL,ARCA15000635,KFZ0062363,1HGCM72687A016030,VA,3/24/2015 7:24:00 PM
RES,CB506,USBAL,ARCA15000635,KFZ0062363,1HGCM72687A016030,VA,3/24/2015 7:24:00 PM
RES,CB506,USBAL,ARCA15000635,KFZ0062363,1HGCM72687A016030,VA,3/24/2015 7:24:00 PM
COG,CB505,USBAL,ARCA15000524,JP50060807,WBSKG9C51BE369318,VA,3/12/2015 5:30:00 AM
COG,CB505,USBAL,ARCA15000524,JP50060807,WBSKG9C51BE369318,VA,3/12/2015 5:30:00 AM
COG,CB505,USBAL,ARCA15000524,JP50060807,WBSKG9C51BE369318,VA,3/12/2015 5:30:00 AM
RES,CB506,USBAL,ARCA15000635,LAP0061222,3FADP4EJ1CM142497,VA,3/24/2015 7:24:00 PM
RES,CB506,USBAL,ARCA15000635,LAP0061222,3FADP4EJ1CM142497,VA,3/24/2015 7:24:00 PM
RES,CB506,USBAL,ARCA15000635,LAP0061222,3FADP4EJ1CM142497,VA,3/24/2015 7:24:00 PM
RES,CB506,USBAL,ARCA15000635,JP40064006,1FMEU6EE0AUA48458,VA,3/24/2015 7:24:00 PM
RES,CB506,USBAL,ARCA15000635,JP40064006,1FMEU6EE0AUA48458,VA,3/24/2015 7:24:00 PM
RES,CB506,USBAL,ARCA15000635,JP40064006,1FMEU6EE0AUA48458,VA,3/24/2015 7:24:00 PM
RES,CB506,USBAL,ARCA15000635,JP50063571,2C3CDXHG1EH154509,VA,3/24/2015 7:24:00 PM
RES,CB506,USBAL,ARCA15000635,JP50063571,2C3CDXHG1EH154509,VA,3/24/2015 7:24:00 PM
RES,CB506,USBAL,ARCA15000635,JP50063571,2C3CDXHG1EH154509,VA,3/24/2015 7:24:00 PM
RES,CB506,USBAL,ARCA15000635,LAY0062671,5UXZW0C57D0B93803,VA,3/24/2015 7:24:00 PM
RES,CB506,USBAL,ARCA15000635,LAY0062671,5UXZW0C57D0B93803,VA,3/24/2015 7:24:00 PM
RES,CB506,USBAL,ARCA15000635,LAY0062671,5UXZW0C57D0B93803,VA,3/24/2015 7:24:00 PM
RES,CB506,USBAL,ARCA15000635,JP60063598,5J6TF1H5XBL004070,VA,3/24/2015 7:24:00 PM
RES,CB506,USBAL,ARCA15000635,JP60063598,5J6TF1H5XBL004070,VA,3/24/2015 7:24:00 PM
RES,CB506,USBAL,ARCA15000635,JP60063598,5J6TF1H5XBL004070,VA,3/24/2015 7:24:00 PM
RES,CB506,USBAL,ARCA15000635,JP50063798,1G2ZF57B984116476,VA,3/24/2015 7:24:00 PM
RES,CB506,USBAL,ARCA15000635,JP50063798,1G2ZF57B984116476,VA,3/24/2015 7:24:00 PM
RES,CB506,USBAL,ARCA15000635,JP50063798,1G2ZF57B984116476,VA,3/24/2015 7:24:00 PM
RES,CB506,USBAL,ARCA15000635,JP40062910,1C3CDFBH6DD223749,VA,3/24/2015 7:24:00 PM
RES,CB506,USBAL,ARCA15000635,JP40062910,1C3CDFBH6DD223749,VA,3/24/2015 7:24:00 PM
RES,CB506,USBAL,ARCA15000635,JP40062910,1C3CDFBH6DD223749,VA,3/24/2015 7:24:00 PM
COG,CB505,USBAL,ARCA15000524,JP50060796,2CTFLXE54B6345237,VA,3/12/2015 5:30:00 AM
COG,CB505,USBAL,ARCA15000524,JP50060796,2CTFLXE54B6345237,VA,3/12/2015 5:30:00 AM
COG,CB505,USBAL,ARCA15000524,JP50060796,2CTFLXE54B6345237,VA,3/12/2015 5:30:00 AM
RES,CB506,USBAL,ARCA15000635,JP50063076,3VWSF71K36M723845,VA,3/24/2015 7:24:00 PM
RES,CB506,USBAL,ARCA15000635,JP50063076,3VWSF71K36M723845,VA,3/24/2015 7:24:00 PM
RES,CB506,USBAL,ARCA15000635,JP50063076,3VWSF71K36M723845,VA,3/24/2015 7:24:00 PM
RES,CB506,USBAL,ARCA15000635,KJ20063118,3FAHP0HA0BR207251,VA,3/24/2015 7:24:00 PM
RES,CB506,USBAL,ARCA15000635,KJ20063118,3FAHP0HA0BR207251,VA,3/24/2015 7:24:00 PM
RES,CB506,USBAL,ARCA15000635,KJ20063118,3FAHP0HA0BR207251,VA,3/24/2015 7:24:00 PM
RES,CB506,USBAL,ARCA15000635,JP50062339,YV1TS92D841358355,VA,3/24/2015 7:24:00 PM
RES,CB506,USBAL,ARCA15000635,JP50062339,YV1TS92D841358355,VA,3/24/2015 7:24:00 PM
RES,CB506,USBAL,ARCA15000635,JP50062339,YV1TS92D841358355,VA,3/24/2015 7:24:00 PM
RES,CB506,USBAL,ARCA15000635,JP50063805,JTDKB20U777658773,VA,3/24/2015 7:24:00 PM
RES,CB506,USBAL,ARCA15000635,JP50063805,JTDKB20U777658773,VA,3/24/2015 7:24:00 PM
RES,CB506,USBAL,ARCA15000635,JP50063805,JTDKB20U777658773,VA,3/24/2015 7:24:00 PM
HON,CB504,USBAL,ARCA15000335,LAY0060041,1J4AA2D18BL619974,VA,3/2/2015 7:00:00 PM
HON,CB504,USBAL,ARCA15000335,LAY0060041,1J4AA2D18BL619974,VA,3/2/2015 7:00:00 PM
HON,CB504,USBAL,ARCA15000335,LAY0060041,1J4AA2D18BL619974,VA,3/2/2015 7:00:00 PM
RES,CB506,USBAL,ARCA15000635,JP80063572,2B3KA43R67H689590,VA,3/24/2015 7:24:00 PM
RES,CB506,USBAL,ARCA15000635,JP80063572,2B3KA43R67H689590,VA,3/24/2015 7:24:00 PM
RES,CB506,USBAL,ARCA15000635,JP80063572,2B3KA43R67H689590,VA,3/24/2015 7:24:00 PM
COG,CB505,USBAL,ARCA15000524,JP80061980,JF1GG79656G807582,VA,3/12/2015 5:30:00 AM
COG,CB505,USBAL,ARCA15000524,JP80061980,JF1GG79656G807582,VA,3/12/2015 5:30:00 AM
COG,CB505,USBAL,ARCA15000524,JP80061980,JF1GG79656G807582,VA,3/12/2015 5:30:00 AM
RES,CB506,USBAL,ARCA15000635,JP70063280,WAUWFAFR2CA008147,VA,3/24/2015 7:24:00 PM
RES,CB506,USBAL,ARCA15000635,JP70063280,WAUWFAFR2CA008147,VA,3/24/2015 7:24:00 PM
RES,CB506,USBAL,ARCA15000635,JP70063280,WAUWFAFR2CA008147,VA,3/24/2015 7:24:00 PM
RES,CB506,USBAL,ARCA15000635,KFZ0062359,4T1BG22K9YU969620,VA,3/24/2015 7:24:00 PM
RES,CB506,USBAL,ARCA15000635,KFZ0062359,4T1BG22K9YU969620,VA,3/24/2015 7:24:00 PM
RES,CB506,USBAL,ARCA15000635,KFZ0062359,4T1BG22K9YU969620,VA,3/24/2015 7:24:00 PM
RES,CB506,USBAL,ARCA15000635,JP20063764,19XFB2F55CE066297,VA,3/24/2015 7:24:00 PM
RES,CB506,USBAL,ARCA15000635,JP20063764,19XFB2F55CE066297,VA,3/24/2015 7:24:00 PM
RES,CB506,USBAL,ARCA15000635,JP20063764,19XFB2F55CE066297,VA,3/24/2015 7:24:00 PM
RES,CB506,USBAL,ARCA15000635,1LP0059079,1GKET12P346144937,VA,3/24/2015 7:24:00 PM
RES,CB506,USBAL,ARCA15000635,1LP0059079,1GKET12P346144937,VA,3/24/2015 7:24:00 PM
RES,CB506,USBAL,ARCA15000635,1LP0059079,1GKET12P346144937,VA,3/24/2015 7:24:00 PM
RES,CB506,USBAL,ARCA15000635,JP40063774,1HGCP2F84AA154290,VA,3/24/2015 7:24:00 PM
RES,CB506,USBAL,ARCA15000635,JP40063774,1HGCP2F84AA154290,VA,3/24/2015 7:24:00 PM
RES,CB506,USBAL,ARCA15000635,JP40063774,1HGCP2F84AA154290,VA,3/24/2015 7:24:00 PM
HON,CB504,USBAL,ARCA15000335,JP40060623,5N1AN08W57C519998,VA,3/2/2015 7:00:00 PM
HON,CB504,USBAL,ARCA15000335,JP40060623,5N1AN08W57C519998,VA,3/2/2015 7:00:00 PM
HON,CB504,USBAL,ARCA15000335,JP40060623,5N1AN08W57C519998,VA,3/2/2015 7:00:00 PM
HON,CB504,USBAL,ARCA15000335,JP40060605,JS3TX92V644104532,VA,3/2/2015 7:00:00 PM
HON,CB504,USBAL,ARCA15000335,JP40060605,JS3TX92V644104532,VA,3/2/2015 7:00:00 PM
HON,CB504,USBAL,ARCA15000335,JP40060605,JS3TX92V644104532,VA,3/2/2015 7:00:00 PM
RES,CB506,USBAL,ARCA15000635,JP50061557,1G6DM57N430173323,VA,3/24/2015 7:24:00 PM
RES,CB506,USBAL,ARCA15000635,JP50061557,1G6DM57N430173323,VA,3/24/2015 7:24:00 PM
RES,CB506,USBAL,ARCA15000635,JP50061557,1G6DM57N430173323,VA,3/24/2015 7:24:00 PM
RES,CB506,USBAL,ARCA15000635,JP40062157,JN8AZ1MW5AW102654,VA,3/24/2015 7:24:00 PM
RES,CB506,USBAL,ARCA15000635,JP40062157,JN8AZ1MW5AW102654,VA,3/24/2015 7:24:00 PM
RES,CB506,USBAL,ARCA15000635,JP40062157,JN8AZ1MW5AW102654,VA,3/24/2015 7:24:00 PM
HON,CB504,USBAL,ARCA15000335,KJ20059446,5Y2SM62833Z481042,VA,3/2/2015 7:00:00 PM
HON,CB504,USBAL,ARCA15000335,KJ20059446,5Y2SM62833Z481042,VA,3/2/2015 7:00:00 PM
HON,CB504,USBAL,ARCA15000335,KJ20059446,5Y2SM62833Z481042,VA,3/2/2015 7:00:00 PM
RES,CB506,USBAL,ARCA15000635,KJ20061808,5TDBY67A88S003840,VA,3/24/2015 7:24:00 PM
RES,CB506,USBAL,ARCA15000635,KJ20061808,5TDBY67A88S003840,VA,3/24/2015 7:24:00 PM
RES,CB506,USBAL,ARCA15000635,KJ20061808,5TDBY67A88S003840,VA,3/24/2015 7:24:00 PM
RES,CB506,USBAL,ARCA15000635,KJ20060591,1G1AL15F477336596,VA,3/24/2015 7:24:00 PM
RES,CB506,USBAL,ARCA15000635,KJ20060591,1G1AL15F477336596,VA,3/24/2015 7:24:00 PM
RES,CB506,USBAL,ARCA15000635,KJ20060591,1G1AL15F477336596,VA,3/24/2015 7:24:00 PM
COG,CB505,USBAL,ARCA15000524,JP70060780,2GNALBEK7C1301771,VA,3/12/2015 5:30:00 AM
COG,CB505,USBAL,ARCA15000524,JP70060780,2GNALBEK7C1301771,VA,3/12/2015 5:30:00 AM
COG,CB505,USBAL,ARCA15000524,JP70060780,2GNALBEK7C1301771,VA,3/12/2015 5:30:00 AM
RES,CB506,USBAL,ARCA15000635,KJ20062888,WMWMF3C52ATU77938,VA,3/24/2015 7:24:00 PM
RES,CB506,USBAL,ARCA15000635,KJ20062888,WMWMF3C52ATU77938,VA,3/24/2015 7:24:00 PM
RES,CB506,USBAL,ARCA15000635,KJ20062888,WMWMF3C52ATU77938,VA,3/24/2015 7:24:00 PM
RES,CB506,USBAL,ARCA15000635,JP80063298,1GNEC13Z13R288924,VA,3/24/2015 7:24:00 PM
RES,CB506,USBAL,ARCA15000635,JP80063298,1GNEC13Z13R288924,VA,3/24/2015 7:24:00 PM
RES,CB506,USBAL,ARCA15000635,JP80063298,1GNEC13Z13R288924,VA,3/24/2015 7:24:00 PM
RES,CB506,USBAL,ARCA15000635,JP50063765,3N1BC1APXBL393998,VA,3/24/2015 7:24:00 PM
RES,CB506,USBAL,ARCA15000635,JP50063765,3N1BC1APXBL393998,VA,3/24/2015 7:24:00 PM
RES,CB506,USBAL,ARCA15000635,JP50063765,3N1BC1APXBL393998,VA,3/24/2015 7:24:00 PM
RES,CB506,USBAL,ARCA15000635,JP60063606,1G6DN56S350213463,VA,3/24/2015 7:24:00 PM
RES,CB506,USBAL,ARCA15000635,JP60063606,1G6DN56S350213463,VA,3/24/2015 7:24:00 PM
RES,CB506,USBAL,ARCA15000635,JP60063606,1G6DN56S350213463,VA,3/24/2015 7:24:00 PM
RES,CB506,USBAL,ARCA15000635,JP50063605,1GKEK13Z03J116723,VA,3/24/2015 7:24:00 PM
RES,CB506,USBAL,ARCA15000635,JP50063605,1GKEK13Z03J116723,VA,3/24/2015 7:24:00 PM
RES,CB506,USBAL,ARCA15000635,JP50063605,1GKEK13Z03J116723,VA,3/24/2015 7:24:00 PM
HON,CB504,USBAL,ARCA15000335,JP60059445,1GNFK13077J371027,VA,3/2/2015 7:00:00 PM
HON,CB504,USBAL,ARCA15000335,JP60059445,1GNFK13077J371027,VA,3/2/2015 7:00:00 PM
HON,CB504,USBAL,ARCA15000335,JP60059445,1GNFK13077J371027,VA,3/2/2015 7:00:00 PM
HON,CB504,USBAL,ARCA15000335,JP40059617,3GNCA13B09S502730,VA,3/2/2015 7:00:00 PM
HON,CB504,USBAL,ARCA15000335,JP40059617,3GNCA13B09S502730,VA,3/2/2015 7:00:00 PM
HON,CB504,USBAL,ARCA15000335,JP40059617,3GNCA13B09S502730,VA,3/2/2015 7:00:00 PM
HON,CB504,USBAL,ARCA15000335,JP50059642,WBANE53506CK84374,VA,3/2/2015 7:00:00 PM
HON,CB504,USBAL,ARCA15000335,JP50059642,WBANE53506CK84374,VA,3/2/2015 7:00:00 PM
HON,CB504,USBAL,ARCA15000335,JP50059642,WBANE53506CK84374,VA,3/2/2015 7:00:00 PM
COG,CB505,USBAL,ARCA15000524,JP50060974,3FADP4FJXEM124727,VA,3/12/2015 5:30:00 AM
COG,CB505,USBAL,ARCA15000524,JP50060974,3FADP4FJXEM124727,VA,3/12/2015 5:30:00 AM
COG,CB505,USBAL,ARCA15000524,JP50060974,3FADP4FJXEM124727,VA,3/12/2015 5:30:00 AM
COG,CB505,USBAL,ARCA15000524,JHP0060576,2A4RR5DX3AR240663,VA,3/12/2015 5:30:00 AM
COG,CB505,USBAL,ARCA15000524,JHP0060576,2A4RR5DX3AR240663,VA,3/12/2015 5:30:00 AM
COG,CB505,USBAL,ARCA15000524,JHP0060576,2A4RR5DX3AR240663,VA,3/12/2015 5:30:00 AM
RES,CB506,USBAL,ARCA15000635,JP80064226,JT3HJ85J6T0121947,VA,3/24/2015 7:24:00 PM
RES,CB506,USBAL,ARCA15000635,JP80064226,JT3HJ85J6T0121947,VA,3/24/2015 7:24:00 PM
RES,CB506,USBAL,ARCA15000635,JP80064226,JT3HJ85J6T0121947,VA,3/24/2015 7:24:00 PM
RES,CB506,USBAL,ARCA15000635,JP40062905,3VW4T7AJ6EM266388,VA,3/24/2015 7:24:00 PM
RES,CB506,USBAL,ARCA15000635,JP40062905,3VW4T7AJ6EM266388,VA,3/24/2015 7:24:00 PM
RES,CB506,USBAL,ARCA15000635,JP40062905,3VW4T7AJ6EM266388,VA,3/24/2015 7:24:00 PM
RES,CB506,USBAL,ARCA15000635,JP50062133,1C3CC5FB6AN138418,VA,3/24/2015 7:24:00 PM
RES,CB506,USBAL,ARCA15000635,JP50062133,1C3CC5FB6AN138418,VA,3/24/2015 7:24:00 PM
RES,CB506,USBAL,ARCA15000635,JP50062133,1C3CC5FB6AN138418,VA,3/24/2015 7:24:00 PM
HON,CB504,USBAL,ARCA15000335,KFZ0059601,2G1FA1ED8B9114421,VA,3/2/2015 7:00:00 PM
HON,CB504,USBAL,ARCA15000335,KFZ0059601,2G1FA1ED8B9114421,VA,3/2/2015 7:00:00 PM
HON,CB504,USBAL,ARCA15000335,KFZ0059601,2G1FA1ED8B9114421,VA,3/2/2015 7:00:00 PM
HON,CB504,USBAL,ARCA15000335,JP50059431,3FAHP0HA1CR384831,VA,3/2/2015 7:00:00 PM
HON,CB504,USBAL,ARCA15000335,JP50059431,3FAHP0HA1CR384831,VA,3/2/2015 7:00:00 PM
HON,CB504,USBAL,ARCA15000335,JP50059431,3FAHP0HA1CR384831,VA,3/2/2015 7:00:00 PM
HON,CB504,USBAL,ARCA15000335,JP50060566,WAUDF78E47A028023,VA,3/2/2015 7:00:00 PM
HON,CB504,USBAL,ARCA15000335,JP50060566,WAUDF78E47A028023,VA,3/2/2015 7:00:00 PM
HON,CB504,USBAL,ARCA15000335,JP50060566,WAUDF78E47A028023,VA,3/2/2015 7:00:00 PM
COG,CB505,USBAL,ARCA15000524,JP50061219,1J4RR6GG0BC707484,VA,3/12/2015 5:30:00 AM
COG,CB505,USBAL,ARCA15000524,JP50061219,1J4RR6GG0BC707484,VA,3/12/2015 5:30:00 AM
COG,CB505,USBAL,ARCA15000524,JP50061219,1J4RR6GG0BC707484,VA,3/12/2015 5:30:00 AM
RES,CB506,USBAL,ARCA15000635,JP40060789,1N4BA41EX8C829780,VA,3/24/2015 7:24:00 PM
RES,CB506,USBAL,ARCA15000635,JP40060789,1N4BA41EX8C829780,VA,3/24/2015 7:24:00 PM
RES,CB506,USBAL,ARCA15000635,JP40060789,1N4BA41EX8C829780,VA,3/24/2015 7:24:00 PM
HON,CB504,USBAL,ARCA15000335,LAZ0060595,1D7HW48N95S139831,VA,3/2/2015 7:00:00 PM
HON,CB504,USBAL,ARCA15000335,LAZ0060595,1D7HW48N95S139831,VA,3/2/2015 7:00:00 PM
HON,CB504,USBAL,ARCA15000335,LAZ0060595,1D7HW48N95S139831,VA,3/2/2015 7:00:00 PM
COG,CB505,USBAL,ARCA15000524,LAZ0061794,1J4GW48S42C293990,VA,3/12/2015 5:30:00 AM
COG,CB505,USBAL,ARCA15000524,LAZ0061794,1J4GW48S42C293990,VA,3/12/2015 5:30:00 AM
COG,CB505,USBAL,ARCA15000524,LAZ0061794,1J4GW48S42C293990,VA,3/12/2015 5:30:00 AM
RES,CB506,USBAL,ARCA15000635,KJ20060843,WBAAC11080AB06772,VA,3/24/2015 7:24:00 PM
RES,CB506,USBAL,ARCA15000635,KJ20060843,WBAAC11080AB06772,VA,3/24/2015 7:24:00 PM
RES,CB506,USBAL,ARCA15000635,KJ20060843,WBAAC11080AB06772,VA,3/24/2015 7:24:00 PM
HON,CB504,USBAL,ARCA15000335,JP40059442,1GCEC19V92Z263975,VA,3/2/2015 7:00:00 PM
HON,CB504,USBAL,ARCA15000335,JP40059442,1GCEC19V92Z263975,VA,3/2/2015 7:00:00 PM
HON,CB504,USBAL,ARCA15000335,JP40059442,1GCEC19V92Z263975,VA,3/2/2015 7:00:00 PM
COG,CB505,USBAL,ARCA15000524,JP40061221,1B3ES56C15D232879,VA,3/12/2015 5:30:00 AM
COG,CB505,USBAL,ARCA15000524,JP40061221,1B3ES56C15D232879,VA,3/12/2015 5:30:00 AM
COG,CB505,USBAL,ARCA15000524,JP40061221,1B3ES56C15D232879,VA,3/12/2015 5:30:00 AM
COG,CB505,USBAL,ARCA15000524,LAY0061510,2T1BU4EE4CC772374,VA,3/12/2015 5:30:00 AM
COG,CB505,USBAL,ARCA15000524,LAY0061510,2T1BU4EE4CC772374,VA,3/12/2015 5:30:00 AM
COG,CB505,USBAL,ARCA15000524,LAY0061510,2T1BU4EE4CC772374,VA,3/12/2015 5:30:00 AM
RES,CB506,USBAL,ARCA15000635,JP60062874,WVGCV9AX1AW509958,VA,3/24/2015 7:24:00 PM
RES,CB506,USBAL,ARCA15000635,JP60062874,WVGCV9AX1AW509958,VA,3/24/2015 7:24:00 PM
RES,CB506,USBAL,ARCA15000635,JP60062874,WVGCV9AX1AW509958,VA,3/24/2015 7:24:00 PM
HON,CB504,USBAL,ARCA15000335,JHP0060030,3HGCM56475G705360,VA,3/2/2015 7:00:00 PM
HON,CB504,USBAL,ARCA15000335,JHP0060030,3HGCM56475G705360,VA,3/2/2015 7:00:00 PM
HON,CB504,USBAL,ARCA15000335,JHP0060030,3HGCM56475G705360,VA,3/2/2015 7:00:00 PM
RES,CB506,USBAL,ARCA15000635,JP50062675,JM1FE173480216141,VA,3/24/2015 7:24:00 PM
RES,CB506,USBAL,ARCA15000635,JP50062675,JM1FE173480216141,VA,3/24/2015 7:24:00 PM
RES,CB506,USBAL,ARCA15000635,JP50062675,JM1FE173480216141,VA,3/24/2015 7:24:00 PM
RES,CB506,USBAL,ARCA15000635,LAP0061766,JTJHA31U340021172,VA,3/24/2015 7:24:00 PM
RES,CB506,USBAL,ARCA15000635,LAP0061766,JTJHA31U340021172,VA,3/24/2015 7:24:00 PM
RES,CB506,USBAL,ARCA15000635,LAP0061766,JTJHA31U340021172,VA,3/24/2015 7:24:00 PM
RES,CB506,USBAL,ARCA15000635,JP20063777,1HGCM56785A048481,VA,3/24/2015 7:24:00 PM
RES,CB506,USBAL,ARCA15000635,JP20063777,1HGCM56785A048481,VA,3/24/2015 7:24:00 PM
RES,CB506,USBAL,ARCA15000635,JP20063777,1HGCM56785A048481,VA,3/24/2015 7:24:00 PM
HON,CB504,USBAL,ARCA15000335,JP50060599,WMWSU3C50BT093834,VA,3/2/2015 7:00:00 PM
HON,CB504,USBAL,ARCA15000335,JP50060599,WMWSU3C50BT093834,VA,3/2/2015 7:00:00 PM
HON,CB504,USBAL,ARCA15000335,JP50060599,WMWSU3C50BT093834,VA,3/2/2015 7:00:00 PM
COG,CB505,USBAL,ARCA15000524,JP50061540,WBANE53567B992636,VA,3/12/2015 5:30:00 AM
COG,CB505,USBAL,ARCA15000524,JP50061540,WBANE53567B992636,VA,3/12/2015 5:30:00 AM
COG,CB505,USBAL,ARCA15000524,JP50061540,WBANE53567B992636,VA,3/12/2015 5:30:00 AM
COG,CB505,USBAL,ARCA15000524,JP50060967,1J4FF48S8YL201039,VA,3/12/2015 5:30:00 AM
COG,CB505,USBAL,ARCA15000524,JP50060967,1J4FF48S8YL201039,VA,3/12/2015 5:30:00 AM
COG,CB505,USBAL,ARCA15000524,JP50060967,1J4FF48S8YL201039,VA,3/12/2015 5:30:00 AM
RES,CB506,USBAL,ARCA15000635,JP50064010,JTMZD31V675056383,VA,3/24/2015 7:24:00 PM
RES,CB506,USBAL,ARCA15000635,JP50064010,JTMZD31V675056383,VA,3/24/2015 7:24:00 PM
RES,CB506,USBAL,ARCA15000635,JP50064010,JTMZD31V675056383,VA,3/24/2015 7:24:00 PM
RES,CB506,USBAL,ARCA15000635,JP50062173,5N1AN08W07C538247,VA,3/24/2015 7:24:00 PM
RES,CB506,USBAL,ARCA15000635,JP50062173,5N1AN08W07C538247,VA,3/24/2015 7:24:00 PM
RES,CB506,USBAL,ARCA15000635,JP50062173,5N1AN08W07C538247,VA,3/24/2015 7:24:00 PM
HON,CB504,USBAL,ARCA15000335,JP20060034,WDDHF5KB7DA687982,VA,3/2/2015 7:00:00 PM
HON,CB504,USBAL,ARCA15000335,JP20060034,WDDHF5KB7DA687982,VA,3/2/2015 7:00:00 PM
HON,CB504,USBAL,ARCA15000335,JP20060034,WDDHF5KB7DA687982,VA,3/2/2015 7:00:00 PM
RES,CB506,USBAL,ARCA15000635,KFZ0061765,5FNRL38797B429702,VA,3/24/2015 7:24:00 PM
RES,CB506,USBAL,ARCA15000635,KFZ0061765,5FNRL38797B429702,VA,3/24/2015 7:24:00 PM
RES,CB506,USBAL,ARCA15000635,KFZ0061765,5FNRL38797B429702,VA,3/24/2015 7:24:00 PM
RES,CB506,USBAL,ARCA15000635,LAP0061945,3FA6P0K97ER237681,VA,3/24/2015 7:24:00 PM
RES,CB506,USBAL,ARCA15000635,LAP0061945,3FA6P0K97ER237681,VA,3/24/2015 7:24:00 PM
RES,CB506,USBAL,ARCA15000635,LAP0061945,3FA6P0K97ER237681,VA,3/24/2015 7:24:00 PM
RES,CB506,USBAL,ARCA15000635,JP20063577,3D4GH67V99T591699,VA,3/24/2015 7:24:00 PM
RES,CB506,USBAL,ARCA15000635,JP20063577,3D4GH67V99T591699,VA,3/24/2015 7:24:00 PM
RES,CB506,USBAL,ARCA15000635,JP20063577,3D4GH67V99T591699,VA,3/24/2015 7:24:00 PM
HON,CB504,USBAL,ARCA15000335,JP20059603,1FMCU4K38BKC60102,VA,3/2/2015 7:00:00 PM
HON,CB504,USBAL,ARCA15000335,JP20059603,1FMCU4K38BKC60102,VA,3/2/2015 7:00:00 PM
HON,CB504,USBAL,ARCA15000335,JP20059603,1FMCU4K38BKC60102,VA,3/2/2015 7:00:00 PM
RES,CB506,USBAL,ARCA15000635,1LP0049760,WDDGF81X78F091726,VA,3/24/2015 7:24:00 PM
RES,CB506,USBAL,ARCA15000635,1LP0049760,WDDGF81X78F091726,VA,3/24/2015 7:24:00 PM
RES,CB506,USBAL,ARCA15000635,1LP0049760,WDDGF81X78F091726,VA,3/24/2015 7:24:00 PM
COG,CB505,USBAL,ARCA15000524,JP40061542,1J4FA49S56P747249,VA,3/12/2015 5:30:00 AM
COG,CB505,USBAL,ARCA15000524,JP40061542,1J4FA49S56P747249,VA,3/12/2015 5:30:00 AM
COG,CB505,USBAL,ARCA15000524,JP40061542,1J4FA49S56P747249,VA,3/12/2015 5:30:00 AM
HON,CB504,USBAL,ARCA15000335,JP40060588,3FA6P0K96DR136209,VA,3/2/2015 7:00:00 PM
HON,CB504,USBAL,ARCA15000335,JP40060588,3FA6P0K96DR136209,VA,3/2/2015 7:00:00 PM
HON,CB504,USBAL,ARCA15000335,JP40060588,3FA6P0K96DR136209,VA,3/2/2015 7:00:00 PM
RES,CB506,USBAL,ARCA15000635,JP50063317,1FAHP2KT3AG106975,VA,3/24/2015 7:24:00 PM
RES,CB506,USBAL,ARCA15000635,JP50063317,1FAHP2KT3AG106975,VA,3/24/2015 7:24:00 PM
RES,CB506,USBAL,ARCA15000635,JP50063317,1FAHP2KT3AG106975,VA,3/24/2015 7:24:00 PM
RES,CB506,USBAL,ARCA15000635,JP50063282,5N1AA08A24N735064,VA,3/24/2015 7:24:00 PM
RES,CB506,USBAL,ARCA15000635,JP50063282,5N1AA08A24N735064,VA,3/24/2015 7:24:00 PM
RES,CB506,USBAL,ARCA15000635,JP50063282,5N1AA08A24N735064,VA,3/24/2015 7:24:00 PM
RES,CB506,USBAL,ARCA15000635,KFZ0062887,JTMZD32V666014304,VA,3/24/2015 7:24:00 PM
RES,CB506,USBAL,ARCA15000635,KFZ0062887,JTMZD32V666014304,VA,3/24/2015 7:24:00 PM
RES,CB506,USBAL,ARCA15000635,KFZ0062887,JTMZD32V666014304,VA,3/24/2015 7:24:00 PM
RES,CB506,USBAL,ARCA15000635,JP70062865,1C4RJFAG6CC144125,VA,3/24/2015 7:24:00 PM
RES,CB506,USBAL,ARCA15000635,JP70062865,1C4RJFAG6CC144125,VA,3/24/2015 7:24:00 PM
RES,CB506,USBAL,ARCA15000635,JP70062865,1C4RJFAG6CC144125,VA,3/24/2015 7:24:00 PM
RES,CB506,USBAL,ARCA15000635,JP80064233,SHSRD68565U300884,VA,3/24/2015 7:24:00 PM
RES,CB506,USBAL,ARCA15000635,JP80064233,SHSRD68565U300884,VA,3/24/2015 7:24:00 PM
RES,CB506,USBAL,ARCA15000635,JP80064233,SHSRD68565U300884,VA,3/24/2015 7:24:00 PM
RES,CB506,USBAL,ARCA15000635,JP50063121,1FMCU03Z58KC89884,VA,3/24/2015 7:24:00 PM
RES,CB506,USBAL,ARCA15000635,JP50063121,1FMCU03Z58KC89884,VA,3/24/2015 7:24:00 PM
RES,CB506,USBAL,ARCA15000635,JP50063121,1FMCU03Z58KC89884,VA,3/24/2015 7:24:00 PM
HON,CB504,USBAL,ARCA15000335,KJ20060048,WBAEV53403KM02836,VA,3/2/2015 7:00:00 PM
HON,CB504,USBAL,ARCA15000335,KJ20060048,WBAEV53403KM02836,VA,3/2/2015 7:00:00 PM
HON,CB504,USBAL,ARCA15000335,KJ20060048,WBAEV53403KM02836,VA,3/2/2015 7:00:00 PM
RES,CB506,USBAL,ARCA15000635,JP50062121,WVWDA7AJ1CW165359,VA,3/24/2015 7:24:00 PM
RES,CB506,USBAL,ARCA15000635,JP50062121,WVWDA7AJ1CW165359,VA,3/24/2015 7:24:00 PM
RES,CB506,USBAL,ARCA15000635,JP50062121,WVWDA7AJ1CW165359,VA,3/24/2015 7:24:00 PM
RES,CB506,USBAL,ARCA15000635,JP40062895,1FMCU0GX2DUB27184,VA,3/24/2015 7:24:00 PM
RES,CB506,USBAL,ARCA15000635,JP40062895,1FMCU0GX2DUB27184,VA,3/24/2015 7:24:00 PM
RES,CB506,USBAL,ARCA15000635,JP40062895,1FMCU0GX2DUB27184,VA,3/24/2015 7:24:00 PM
RES,CB506,USBAL,ARCA15000635,JP80063081,3FA6P0HD1ER117127,VA,3/24/2015 7:24:00 PM
RES,CB506,USBAL,ARCA15000635,JP80063081,3FA6P0HD1ER117127,VA,3/24/2015 7:24:00 PM
RES,CB506,USBAL,ARCA15000635,JP80063081,3FA6P0HD1ER117127,VA,3/24/2015 7:24:00 PM
RES,CB506,USBAL,ARCA15000635,JP50063117,46023327021719,VA,3/24/2015 7:24:00 PM
RES,CB506,USBAL,ARCA15000635,JP50063117,46023327021719,VA,3/24/2015 7:24:00 PM
RES,CB506,USBAL,ARCA15000635,JP50063117,46023327021719,VA,3/24/2015 7:24:00 PM
COG,CB505,USBAL,ARCA15000524,LAP0059862,1LNHM82W7YY770034,VA,3/12/2015 5:30:00 AM
COG,CB505,USBAL,ARCA15000524,LAP0059862,1LNHM82W7YY770034,VA,3/12/2015 5:30:00 AM
COG,CB505,USBAL,ARCA15000524,LAP0059862,1LNHM82W7YY770034,VA,3/12/2015 5:30:00 AM
RES,CB506,USBAL,ARCA15000635,JP50061969,WDDHF2EBXCA640101,VA,3/24/2015 7:24:00 PM
RES,CB506,USBAL,ARCA15000635,JP50061969,WDDHF2EBXCA640101,VA,3/24/2015 7:24:00 PM
RES,CB506,USBAL,ARCA15000635,JP50061969,WDDHF2EBXCA640101,VA,3/24/2015 7:24:00 PM
RES,CB506,USBAL,ARCA15000635,JP50062337,JN8AZ08W74W321365,VA,3/24/2015 7:24:00 PM
RES,CB506,USBAL,ARCA15000635,JP50062337,JN8AZ08W74W321365,VA,3/24/2015 7:24:00 PM
RES,CB506,USBAL,ARCA15000635,JP50062337,JN8AZ08W74W321365,VA,3/24/2015 7:24:00 PM
RES,CB506,USBAL,ARCA15000635,JP50063101,1FADP3F23DL173674,VA,3/24/2015 7:24:00 PM
RES,CB506,USBAL,ARCA15000635,JP50063101,1FADP3F23DL173674,VA,3/24/2015 7:24:00 PM
RES,CB506,USBAL,ARCA15000635,JP50063101,1FADP3F23DL173674,VA,3/24/2015 7:24:00 PM
RES,CB506,USBAL,ARCA15000635,JP10062338,JTDKN3DU6A0112957,VA,3/24/2015 7:24:00 PM
RES,CB506,USBAL,ARCA15000635,JP10062338,JTDKN3DU6A0112957,VA,3/24/2015 7:24:00 PM
RES,CB506,USBAL,ARCA15000635,JP10062338,JTDKN3DU6A0112957,VA,3/24/2015 7:24:00 PM
RES,CB506,USBAL,ARCA15000635,JP50064211,3GCPKSE73CG222218,VA,3/24/2015 7:24:00 PM
RES,CB506,USBAL,ARCA15000635,JP50064211,3GCPKSE73CG222218,VA,3/24/2015 7:24:00 PM
RES,CB506,USBAL,ARCA15000635,JP50064211,3GCPKSE73CG222218,VA,3/24/2015 7:24:00 PM
RES,CB506,USBAL,ARCA15000635,JP20062132,WVGFF9BPXBD004362,VA,3/24/2015 7:24:00 PM
RES,CB506,USBAL,ARCA15000635,JP20062132,WVGFF9BPXBD004362,VA,3/24/2015 7:24:00 PM
RES,CB506,USBAL,ARCA15000635,JP20062132,WVGFF9BPXBD004362,VA,3/24/2015 7:24:00 PM
RES,CB506,USBAL,ARCA15000635,KFZ0062720,1NXBR32E24Z282693,VA,3/24/2015 7:24:00 PM
RES,CB506,USBAL,ARCA15000635,KFZ0062720,1NXBR32E24Z282693,VA,3/24/2015 7:24:00 PM
RES,CB506,USBAL,ARCA15000635,KFZ0062720,1NXBR32E24Z282693,VA,3/24/2015 7:24:00 PM
RES,CB506,USBAL,ARCA15000635,JP80062863,WVGBE77L28D052605,VA,3/24/2015 7:24:00 PM
RES,CB506,USBAL,ARCA15000635,JP80062863,WVGBE77L28D052605,VA,3/24/2015 7:24:00 PM
RES,CB506,USBAL,ARCA15000635,JP80062863,WVGBE77L28D052605,VA,3/24/2015 7:24:00 PM
RES,CB506,USBAL,ARCA15000635,JP50062705,1HGCP2F76BA097647,VA,3/24/2015 7:24:00 PM
RES,CB506,USBAL,ARCA15000635,JP50062705,1HGCP2F76BA097647,VA,3/24/2015 7:24:00 PM
RES,CB506,USBAL,ARCA15000635,JP50062705,1HGCP2F76BA097647,VA,3/24/2015 7:24:00 PM
RES,CB506,USBAL,ARCA15000635,JP40062881,1FMCU0C71BKB56447,VA,3/24/2015 7:24:00 PM
RES,CB506,USBAL,ARCA15000635,JP40062881,1FMCU0C71BKB56447,VA,3/24/2015 7:24:00 PM
RES,CB506,USBAL,ARCA15000635,JP40062881,1FMCU0C71BKB56447,VA,3/24/2015 7:24:00 PM
RES,CB506,USBAL,ARCA15000635,JP20063106,WMWSV3C5XCTY17334,VA,3/24/2015 7:24:00 PM
RES,CB506,USBAL,ARCA15000635,JP20063106,WMWSV3C5XCTY17334,VA,3/24/2015 7:24:00 PM
RES,CB506,USBAL,ARCA15000635,JP20063106,WMWSV3C5XCTY17334,VA,3/24/2015 7:24:00 PM
RES,CB506,USBAL,ARCA15000635,JP20063321,1J4GW48S94C382960,VA,3/24/2015 7:24:00 PM
RES,CB506,USBAL,ARCA15000635,JP20063321,1J4GW48S94C382960,VA,3/24/2015 7:24:00 PM
RES,CB506,USBAL,ARCA15000635,JP20063321,1J4GW48S94C382960,VA,3/24/2015 7:24:00 PM
HON,CB504,USBAL,ARCA15000335,JP10060330,1C4RJEAG9DC574128,VA,3/2/2015 7:00:00 PM
HON,CB504,USBAL,ARCA15000335,JP10060330,1C4RJEAG9DC574128,VA,3/2/2015 7:00:00 PM
HON,CB504,USBAL,ARCA15000335,JP10060330,1C4RJEAG9DC574128,VA,3/2/2015 7:00:00 PM
COG,CB505,USBAL,ARCA15000524,JP80061506,1FAFP45X04F111465,VA,3/12/2015 5:30:00 AM
COG,CB505,USBAL,ARCA15000524,JP80061506,1FAFP45X04F111465,VA,3/12/2015 5:30:00 AM
COG,CB505,USBAL,ARCA15000524,JP80061506,1FAFP45X04F111465,VA,3/12/2015 5:30:00 AM
RES,CB506,USBAL,ARCA15000635,JP40063602,WBS3R9C54FK330826,VA,3/24/2015 7:24:00 PM
RES,CB506,USBAL,ARCA15000635,JP40063602,WBS3R9C54FK330826,VA,3/24/2015 7:24:00 PM
RES,CB506,USBAL,ARCA15000635,JP40063602,WBS3R9C54FK330826,VA,3/24/2015 7:24:00 PM
RES,CB506,USBAL,ARCA15000635,JP10063305,JTHBJ46G972052760,VA,3/24/2015 7:24:00 PM
RES,CB506,USBAL,ARCA15000635,JP10063305,JTHBJ46G972052760,VA,3/24/2015 7:24:00 PM
RES,CB506,USBAL,ARCA15000635,JP10063305,JTHBJ46G972052760,VA,3/24/2015 7:24:00 PM
COG,CB505,USBAL,ARCA15000524,JP50060809,WDDSJ4EB2EN077041,VA,3/12/2015 5:30:00 AM
COG,CB505,USBAL,ARCA15000524,JP50060809,WDDSJ4EB2EN077041,VA,3/12/2015 5:30:00 AM
COG,CB505,USBAL,ARCA15000524,JP50060809,WDDSJ4EB2EN077041,VA,3/12/2015 5:30:00 AM
COG,CB505,USBAL,ARCA15000524,JP50061777,JM3ER2A57B0365061,VA,3/12/2015 5:30:00 AM
COG,CB505,USBAL,ARCA15000524,JP50061777,JM3ER2A57B0365061,VA,3/12/2015 5:30:00 AM
COG,CB505,USBAL,ARCA15000524,JP50061777,JM3ER2A57B0365061,VA,3/12/2015 5:30:00 AM
RES,CB506,USBAL,ARCA15000635,LAZ0062663,2C4RDGBG0ER221920,VA,3/24/2015 7:24:00 PM
RES,CB506,USBAL,ARCA15000635,LAZ0062663,2C4RDGBG0ER221920,VA,3/24/2015 7:24:00 PM
RES,CB506,USBAL,ARCA15000635,LAZ0062663,2C4RDGBG0ER221920,VA,3/24/2015 7:24:00 PM
RES,CB506,USBAL,ARCA15000635,JP40062335,5UXWX7C50BL735082,VA,3/24/2015 7:24:00 PM
RES,CB506,USBAL,ARCA15000635,JP40062335,5UXWX7C50BL735082,VA,3/24/2015 7:24:00 PM
RES,CB506,USBAL,ARCA15000635,JP40062335,5UXWX7C50BL735082,VA,3/24/2015 7:24:00 PM
RES,CB506,USBAL,ARCA15000635,JP50063315,1G1YY26E875103716,VA,3/24/2015 7:24:00 PM
RES,CB506,USBAL,ARCA15000635,JP50063315,1G1YY26E875103716,VA,3/24/2015 7:24:00 PM
RES,CB506,USBAL,ARCA15000635,JP50063315,1G1YY26E875103716,VA,3/24/2015 7:24:00 PM
RES,CB506,USBAL,ARCA15000635,JGP0061961,1FMEU63E47UB80005,VA,3/24/2015 7:24:00 PM
RES,CB506,USBAL,ARCA15000635,JGP0061961,1FMEU63E47UB80005,VA,3/24/2015 7:24:00 PM
RES,CB506,USBAL,ARCA15000635,JGP0061961,1FMEU63E47UB80005,VA,3/24/2015 7:24:00 PM
RES,CB506,USBAL,ARCA15000635,JP40062658,2FMGK5DC4BBD21126,VA,3/24/2015 7:24:00 PM
RES,CB506,USBAL,ARCA15000635,JP40062658,2FMGK5DC4BBD21126,VA,3/24/2015 7:24:00 PM
RES,CB506,USBAL,ARCA15000635,JP40062658,2FMGK5DC4BBD21126,VA,3/24/2015 7:24:00 PM
RES,CB506,USBAL,ARCA15000635,JP50062371,2C3CDXCT7DH647176,VA,3/24/2015 7:24:00 PM
RES,CB506,USBAL,ARCA15000635,JP50062371,2C3CDXCT7DH647176,VA,3/24/2015 7:24:00 PM
RES,CB506,USBAL,ARCA15000635,JP50062371,2C3CDXCT7DH647176,VA,3/24/2015 7:24:00 PM
RES,CB506,USBAL,ARCA15000635,JP60064031,WBA3B1C59FP831577,VA,3/24/2015 7:24:00 PM
RES,CB506,USBAL,ARCA15000635,JP60064031,WBA3B1C59FP831577,VA,3/24/2015 7:24:00 PM
RES,CB506,USBAL,ARCA15000635,JP60064031,WBA3B1C59FP831577,VA,3/24/2015 7:24:00 PM
HON,CB504,USBAL,ARCA15000335,JP20060361,WBAUC9C58CVM12353,VA,3/2/2015 7:00:00 PM
HON,CB504,USBAL,ARCA15000335,JP20060361,WBAUC9C58CVM12353,VA,3/2/2015 7:00:00 PM
HON,CB504,USBAL,ARCA15000335,JP20060361,WBAUC9C58CVM12353,VA,3/2/2015 7:00:00 PM
RES,CB506,USBAL,ARCA15000635,JP50064048,YV4CN592561300150,VA,3/24/2015 7:24:00 PM
RES,CB506,USBAL,ARCA15000635,JP50064048,YV4CN592561300150,VA,3/24/2015 7:24:00 PM
RES,CB506,USBAL,ARCA15000635,JP50064048,YV4CN592561300150,VA,3/24/2015 7:24:00 PM
HON,CB504,USBAL,ARCA15000335,JP40060378,WP0CB29868U730799,VA,3/2/2015 7:00:00 PM
HON,CB504,USBAL,ARCA15000335,JP40060378,WP0CB29868U730799,VA,3/2/2015 7:00:00 PM
HON,CB504,USBAL,ARCA15000335,JP40060378,WP0CB29868U730799,VA,3/2/2015 7:00:00 PM
RES,CB506,USBAL,ARCA15000635,JP20062858,2HGFG126X9H513506,VA,3/24/2015 7:24:00 PM
RES,CB506,USBAL,ARCA15000635,JP20062858,2HGFG126X9H513506,VA,3/24/2015 7:24:00 PM
RES,CB506,USBAL,ARCA15000635,JP20062858,2HGFG126X9H513506,VA,3/24/2015 7:24:00 PM
COG,CB505,USBAL,ARCA15000524,LAY0060968,JTKJF5C74B3009626,VA,3/12/2015 5:30:00 AM
COG,CB505,USBAL,ARCA15000524,LAY0060968,JTKJF5C74B3009626,VA,3/12/2015 5:30:00 AM
COG,CB505,USBAL,ARCA15000524,LAY0060968,JTKJF5C74B3009626,VA,3/12/2015 5:30:00 AM
RES,CB506,USBAL,ARCA15000635,JP10063085,WDDGF4HB9EA950519,VA,3/24/2015 7:24:00 PM
RES,CB506,USBAL,ARCA15000635,JP10063085,WDDGF4HB9EA950519,VA,3/24/2015 7:24:00 PM
RES,CB506,USBAL,ARCA15000635,JP10063085,WDDGF4HB9EA950519,VA,3/24/2015 7:24:00 PM
RES,CB506,USBAL,ARCA15000635,JP40063297,2HGFG12886H506759,VA,3/24/2015 7:24:00 PM
RES,CB506,USBAL,ARCA15000635,JP40063297,2HGFG12886H506759,VA,3/24/2015 7:24:00 PM
RES,CB506,USBAL,ARCA15000635,JP40063297,2HGFG12886H506759,VA,3/24/2015 7:24:00 PM
RES,CB506,USBAL,ARCA15000635,JP10062662,1ZVBP8AM2C5238022,VA,3/24/2015 7:24:00 PM
RES,CB506,USBAL,ARCA15000635,JP10062662,1ZVBP8AM2C5238022,VA,3/24/2015 7:24:00 PM
RES,CB506,USBAL,ARCA15000635,JP10062662,1ZVBP8AM2C5238022,VA,3/24/2015 7:24:00 PM
RES,CB506,USBAL,ARCA15000635,JP60063320,WBANE735X6CM41288,VA,3/24/2015 7:24:00 PM
RES,CB506,USBAL,ARCA15000635,JP60063320,WBANE735X6CM41288,VA,3/24/2015 7:24:00 PM
RES,CB506,USBAL,ARCA15000635,JP60063320,WBANE735X6CM41288,VA,3/24/2015 7:24:00 PM
RES,CB506,USBAL,ARCA15000635,JP50064030,1J4RR4GG2BC672483,VA,3/24/2015 7:24:00 PM
RES,CB506,USBAL,ARCA15000635,JP50064030,1J4RR4GG2BC672483,VA,3/24/2015 7:24:00 PM
RES,CB506,USBAL,ARCA15000635,JP50064030,1J4RR4GG2BC672483,VA,3/24/2015 7:24:00 PM
COG,CB505,USBAL,ARCA15000524,JP40061950,1C4NJRFB1ED608514,VA,3/12/2015 5:30:00 AM
COG,CB505,USBAL,ARCA15000524,JP40061950,1C4NJRFB1ED608514,VA,3/12/2015 5:30:00 AM
COG,CB505,USBAL,ARCA15000524,JP40061950,1C4NJRFB1ED608514,VA,3/12/2015 5:30:00 AM
COG,CB505,USBAL,ARCA15000524,JP40060784,WBAGB81000DC02786,VA,3/12/2015 5:30:00 AM
COG,CB505,USBAL,ARCA15000524,JP40060784,WBAGB81000DC02786,VA,3/12/2015 5:30:00 AM
COG,CB505,USBAL,ARCA15000524,JP40060784,WBAGB81000DC02786,VA,3/12/2015 5:30:00 AM
RES,CB506,USBAL,ARCA15000635,JP50062353,1C4AJWAG7CL250774,VA,3/24/2015 7:24:00 PM
RES,CB506,USBAL,ARCA15000635,JP50062353,1C4AJWAG7CL250774,VA,3/24/2015 7:24:00 PM
RES,CB506,USBAL,ARCA15000635,JP50062353,1C4AJWAG7CL250774,VA,3/24/2015 7:24:00 PM
RES,CB506,USBAL,ARCA15000635,KJ20062648,1NXBR32E05Z348286,VA,3/24/2015 7:24:00 PM
RES,CB506,USBAL,ARCA15000635,KJ20062648,1NXBR32E05Z348286,VA,3/24/2015 7:24:00 PM
RES,CB506,USBAL,ARCA15000635,KJ20062648,1NXBR32E05Z348286,VA,3/24/2015 7:24:00 PM
RES,CB506,USBAL,ARCA15000635,JHP0061956,WA1LGBFE8ED003133,VA,3/24/2015 7:24:00 PM
RES,CB506,USBAL,ARCA15000635,JHP0061956,WA1LGBFE8ED003133,VA,3/24/2015 7:24:00 PM
RES,CB506,USBAL,ARCA15000635,JHP0061956,WA1LGBFE8ED003133,VA,3/24/2015 7:24:00 PM
RES,CB506,USBAL,ARCA15000635,JHP0062685,1ZVBP8CF7E5211397,VA,3/24/2015 7:24:00 PM
RES,CB506,USBAL,ARCA15000635,JHP0062685,1ZVBP8CF7E5211397,VA,3/24/2015 7:24:00 PM
RES,CB506,USBAL,ARCA15000635,JHP0062685,1ZVBP8CF7E5211397,VA,3/24/2015 7:24:00 PM
RES,CB506,USBAL,ARCA15000635,JGP0063095,1C4BJWDG9EL133099,VA,3/24/2015 7:24:00 PM
RES,CB506,USBAL,ARCA15000635,JGP0063095,1C4BJWDG9EL133099,VA,3/24/2015 7:24:00 PM
RES,CB506,USBAL,ARCA15000635,JGP0063095,1C4BJWDG9EL133099,VA,3/24/2015 7:24:00 PM
RES,CB506,USBAL,ARCA15000635,JP50063769,2B3CL3CG4BH544919,VA,3/24/2015 7:24:00 PM
RES,CB506,USBAL,ARCA15000635,JP50063769,2B3CL3CG4BH544919,VA,3/24/2015 7:24:00 PM
RES,CB506,USBAL,ARCA15000635,JP50063769,2B3CL3CG4BH544919,VA,3/24/2015 7:24:00 PM
RES,CB506,USBAL,ARCA15000635,JP70061948,1J4FA64S65P355656,VA,3/24/2015 7:24:00 PM
RES,CB506,USBAL,ARCA15000635,JP70061948,1J4FA64S65P355656,VA,3/24/2015 7:24:00 PM
RES,CB506,USBAL,ARCA15000635,JP70061948,1J4FA64S65P355656,VA,3/24/2015 7:24:00 PM
COG,CB505,USBAL,ARCA15000524,JP60060977,JNRAS08U37X101508,VA,3/12/2015 5:30:00 AM
COG,CB505,USBAL,ARCA15000524,JP60060977,JNRAS08U37X101508,VA,3/12/2015 5:30:00 AM
COG,CB505,USBAL,ARCA15000524,JP60060977,JNRAS08U37X101508,VA,3/12/2015 5:30:00 AM
HON,CB504,USBAL,ARCA15000335,JP10059643,WVWHV7AJ6DW137192,VA,3/2/2015 7:00:00 PM
HON,CB504,USBAL,ARCA15000335,JP10059643,WVWHV7AJ6DW137192,VA,3/2/2015 7:00:00 PM
HON,CB504,USBAL,ARCA15000335,JP10059643,WVWHV7AJ6DW137192,VA,3/2/2015 7:00:00 PM
COG,CB505,USBAL,ARCA15000524,JP80060814,YV4612RK6F2667270,VA,3/12/2015 5:30:00 AM
COG,CB505,USBAL,ARCA15000524,JP80060814,YV4612RK6F2667270,VA,3/12/2015 5:30:00 AM
COG,CB505,USBAL,ARCA15000524,JP80060814,YV4612RK6F2667270,VA,3/12/2015 5:30:00 AM
COG,CB505,USBAL,ARCA15000524,JP20060787,1C3CDZAGXCN315790,VA,3/12/2015 5:30:00 AM
COG,CB505,USBAL,ARCA15000524,JP20060787,1C3CDZAGXCN315790,VA,3/12/2015 5:30:00 AM
COG,CB505,USBAL,ARCA15000524,JP20060787,1C3CDZAGXCN315790,VA,3/12/2015 5:30:00 AM
COG,CB505,USBAL,ARCA15000524,JP80060358,1FAFP45X54F115902,VA,3/12/2015 5:30:00 AM
COG,CB505,USBAL,ARCA15000524,JP80060358,1FAFP45X54F115902,VA,3/12/2015 5:30:00 AM
COG,CB505,USBAL,ARCA15000524,JP80060358,1FAFP45X54F115902,VA,3/12/2015 5:30:00 AM
COG,CB505,USBAL,ARCA15000524,JP80061946,1N4AA5AP9AC852072,VA,3/12/2015 5:30:00 AM
COG,CB505,USBAL,ARCA15000524,JP80061946,1N4AA5AP9AC852072,VA,3/12/2015 5:30:00 AM
COG,CB505,USBAL,ARCA15000524,JP80061946,1N4AA5AP9AC852072,VA,3/12/2015 5:30:00 AM
RES,CB506,USBAL,ARCA15000635,JHP0060987,3VWPX7AJ9CM650972,VA,3/24/2015 7:24:00 PM
RES,CB506,USBAL,ARCA15000635,JHP0060987,3VWPX7AJ9CM650972,VA,3/24/2015 7:24:00 PM
RES,CB506,USBAL,ARCA15000635,JHP0060987,3VWPX7AJ9CM650972,VA,3/24/2015 7:24:00 PM
RES,CB506,USBAL,ARCA15000635,JP50062180,4A3AK44T36E032654,VA,3/24/2015 7:24:00 PM
RES,CB506,USBAL,ARCA15000635,JP50062180,4A3AK44T36E032654,VA,3/24/2015 7:24:00 PM
RES,CB506,USBAL,ARCA15000635,JP50062180,4A3AK44T36E032654,VA,3/24/2015 7:24:00 PM
RES,CB506,USBAL,ARCA15000635,JP50063089,1J4RR4GGXBC511055,VA,3/24/2015 7:24:00 PM
RES,CB506,USBAL,ARCA15000635,JP50063089,1J4RR4GGXBC511055,VA,3/24/2015 7:24:00 PM
RES,CB506,USBAL,ARCA15000635,JP50063089,1J4RR4GGXBC511055,VA,3/24/2015 7:24:00 PM
RES,CB506,USBAL,ARCA15000635,JP80062140,1FAFP34N25W158511,VA,3/24/2015 7:24:00 PM
RES,CB506,USBAL,ARCA15000635,JP80062140,1FAFP34N25W158511,VA,3/24/2015 7:24:00 PM
RES,CB506,USBAL,ARCA15000635,JP80062140,1FAFP34N25W158511,VA,3/24/2015 7:24:00 PM
COG,CB505,USBAL,ARCA15000524,JP80061771,YV1SW61R212095362,VA,3/12/2015 5:30:00 AM
COG,CB505,USBAL,ARCA15000524,JP80061771,YV1SW61R212095362,VA,3/12/2015 5:30:00 AM
COG,CB505,USBAL,ARCA15000524,JP80061771,YV1SW61R212095362,VA,3/12/2015 5:30:00 AM
RES,CB506,USBAL,ARCA15000635,JP40063807,1J4GK58KX5W523181,VA,3/24/2015 7:24:00 PM
RES,CB506,USBAL,ARCA15000635,JP40063807,1J4GK58KX5W523181,VA,3/24/2015 7:24:00 PM
RES,CB506,USBAL,ARCA15000635,JP40063807,1J4GK58KX5W523181,VA,3/24/2015 7:24:00 PM
RES,CB506,USBAL,ARCA15000635,JP80064024,3LNDL2L30CR819519,VA,3/24/2015 7:24:00 PM
RES,CB506,USBAL,ARCA15000635,JP80064024,3LNDL2L30CR819519,VA,3/24/2015 7:24:00 PM
RES,CB506,USBAL,ARCA15000635,JP80064024,3LNDL2L30CR819519,VA,3/24/2015 7:24:00 PM
HON,CB504,USBAL,ARCA15000335,JGP0059831,WBAVD33576KV68369,VA,3/2/2015 7:00:00 PM
HON,CB504,USBAL,ARCA15000335,JGP0059831,WBAVD33576KV68369,VA,3/2/2015 7:00:00 PM
HON,CB504,USBAL,ARCA15000335,JGP0059831,WBAVD33576KV68369,VA,3/2/2015 7:00:00 PM
RES,CB506,USBAL,ARCA15000635,JGP0062899,2G1FE1E31D9226038,VA,3/24/2015 7:24:00 PM
RES,CB506,USBAL,ARCA15000635,JGP0062899,2G1FE1E31D9226038,VA,3/24/2015 7:24:00 PM
RES,CB506,USBAL,ARCA15000635,JGP0062899,2G1FE1E31D9226038,VA,3/24/2015 7:24:00 PM
RES,CB506,USBAL,ARCA15000635,JP80062670,WBAWC33598PD09186,VA,3/24/2015 7:24:00 PM
RES,CB506,USBAL,ARCA15000635,JP80062670,WBAWC33598PD09186,VA,3/24/2015 7:24:00 PM
RES,CB506,USBAL,ARCA15000635,JP80062670,WBAWC33598PD09186,VA,3/24/2015 7:24:00 PM
HON,CB504,USBAL,ARCA15000335,JP10060319,2B4GP44381R282706,VA,3/2/2015 7:00:00 PM
HON,CB504,USBAL,ARCA15000335,JP10060319,2B4GP44381R282706,VA,3/2/2015 7:00:00 PM
HON,CB504,USBAL,ARCA15000335,JP10060319,2B4GP44381R282706,VA,3/2/2015 7:00:00 PM
RES,CB506,USBAL,ARCA15000635,JP10063281,2B3KA53H58H103881,VA,3/24/2015 7:24:00 PM
RES,CB506,USBAL,ARCA15000635,JP10063281,2B3KA53H58H103881,VA,3/24/2015 7:24:00 PM
RES,CB506,USBAL,ARCA15000635,JP10063281,2B3KA53H58H103881,VA,3/24/2015 7:24:00 PM
RES,CB506,USBAL,ARCA15000635,KFZ0062937,4JGCB75E67A037199,VA,3/24/2015 7:24:00 PM
RES,CB506,USBAL,ARCA15000635,KFZ0062937,4JGCB75E67A037199,VA,3/24/2015 7:24:00 PM
RES,CB506,USBAL,ARCA15000635,KFZ0062937,4JGCB75E67A037199,VA,3/24/2015 7:24:00 PM
HON,CB504,USBAL,ARCA15000335,LAY0059846,1J8GW48S84C205833,VA,3/2/2015 7:00:00 PM
HON,CB504,USBAL,ARCA15000335,LAY0059846,1J8GW48S84C205833,VA,3/2/2015 7:00:00 PM
HON,CB504,USBAL,ARCA15000335,LAY0059846,1J8GW48S84C205833,VA,3/2/2015 7:00:00 PM
RES,CB506,USBAL,ARCA15000635,JP60062368,4A3AB36F56E039445,VA,3/24/2015 7:24:00 PM
RES,CB506,USBAL,ARCA15000635,JP60062368,4A3AB36F56E039445,VA,3/24/2015 7:24:00 PM
RES,CB506,USBAL,ARCA15000635,JP60062368,4A3AB36F56E039445,VA,3/24/2015 7:24:00 PM
RES,CB506,USBAL,ARCA15000635,JP10062688,1FAHP3H25CL209247,VA,3/24/2015 7:24:00 PM
RES,CB506,USBAL,ARCA15000635,JP10062688,1FAHP3H25CL209247,VA,3/24/2015 7:24:00 PM
RES,CB506,USBAL,ARCA15000635,JP10062688,1FAHP3H25CL209247,VA,3/24/2015 7:24:00 PM
RES,CB506,USBAL,ARCA15000635,JP50062896,3FAHP0HA6CR113702,VA,3/24/2015 7:24:00 PM
RES,CB506,USBAL,ARCA15000635,JP50062896,3FAHP0HA6CR113702,VA,3/24/2015 7:24:00 PM
RES,CB506,USBAL,ARCA15000635,JP50062896,3FAHP0HA6CR113702,VA,3/24/2015 7:24:00 PM
RES,CB506,USBAL,ARCA15000635,JP70061763,WVWAK73C16P040214,VA,3/24/2015 7:24:00 PM
RES,CB506,USBAL,ARCA15000635,JP70061763,WVWAK73C16P040214,VA,3/24/2015 7:24:00 PM
RES,CB506,USBAL,ARCA15000635,JP70061763,WVWAK73C16P040214,VA,3/24/2015 7:24:00 PM
RES,CB506,USBAL,ARCA15000635,JP40062346,3GTP1XE26CG264791,VA,3/24/2015 7:24:00 PM
RES,CB506,USBAL,ARCA15000635,JP40062346,3GTP1XE26CG264791,VA,3/24/2015 7:24:00 PM
RES,CB506,USBAL,ARCA15000635,JP40062346,3GTP1XE26CG264791,VA,3/24/2015 7:24:00 PM
RES,CB506,USBAL,ARCA15000635,JP50062916,1G1AL58F087153829,VA,3/24/2015 7:24:00 PM
RES,CB506,USBAL,ARCA15000635,JP50062916,1G1AL58F087153829,VA,3/24/2015 7:24:00 PM
RES,CB506,USBAL,ARCA15000635,JP50062916,1G1AL58F087153829,VA,3/24/2015 7:24:00 PM
RES,CB506,USBAL,ARCA15000635,JP40062917,1FADP3L97EL141166,VA,3/24/2015 7:24:00 PM
RES,CB506,USBAL,ARCA15000635,JP40062917,1FADP3L97EL141166,VA,3/24/2015 7:24:00 PM
RES,CB506,USBAL,ARCA15000635,JP40062917,1FADP3L97EL141166,VA,3/24/2015 7:24:00 PM
RES,CB506,USBAL,ARCA15000635,JP20061791,YV1SZ59H941148159,VA,3/24/2015 7:24:00 PM
RES,CB506,USBAL,ARCA15000635,JP20061791,YV1SZ59H941148159,VA,3/24/2015 7:24:00 PM
RES,CB506,USBAL,ARCA15000635,JP20061791,YV1SZ59H941148159,VA,3/24/2015 7:24:00 PM
RES,CB506,USBAL,ARCA15000635,JP60063302,1C4RDJAG6CC169486,VA,3/24/2015 7:24:00 PM
RES,CB506,USBAL,ARCA15000635,JP60063302,1C4RDJAG6CC169486,VA,3/24/2015 7:24:00 PM
RES,CB506,USBAL,ARCA15000635,JP60063302,1C4RDJAG6CC169486,VA,3/24/2015 7:24:00 PM
HON,CB504,USBAL,ARCA15000335,JP20060585,1FMJU1H52BEF01228,VA,3/2/2015 7:00:00 PM
HON,CB504,USBAL,ARCA15000335,JP20060585,1FMJU1H52BEF01228,VA,3/2/2015 7:00:00 PM
HON,CB504,USBAL,ARCA15000335,JP20060585,1FMJU1H52BEF01228,VA,3/2/2015 7:00:00 PM
COG,CB505,USBAL,ARCA15000524,JP40061547,2C3CDYBTXEH173555,VA,3/12/2015 5:30:00 AM
COG,CB505,USBAL,ARCA15000524,JP40061547,2C3CDYBTXEH173555,VA,3/12/2015 5:30:00 AM
COG,CB505,USBAL,ARCA15000524,JP40061547,2C3CDYBTXEH173555,VA,3/12/2015 5:30:00 AM
HON,CB504,USBAL,ARCA15000335,JP50060308,KNAFE161X65313311,VA,3/2/2015 7:00:00 PM
HON,CB504,USBAL,ARCA15000335,JP50060308,KNAFE161X65313311,VA,3/2/2015 7:00:00 PM
HON,CB504,USBAL,ARCA15000335,JP50060308,KNAFE161X65313311,VA,3/2/2015 7:00:00 PM
COG,CB505,USBAL,ARCA15000524,JHP0060583,WMWMF33579TU71371,VA,3/12/2015 5:30:00 AM
COG,CB505,USBAL,ARCA15000524,JHP0060583,WMWMF33579TU71371,VA,3/12/2015 5:30:00 AM
COG,CB505,USBAL,ARCA15000524,JHP0060583,WMWMF33579TU71371,VA,3/12/2015 5:30:00 AM
HON,CB504,USBAL,ARCA15000335,JP40059836,JTDKN3DU7B5337148,VA,3/2/2015 7:00:00 PM
HON,CB504,USBAL,ARCA15000335,JP40059836,JTDKN3DU7B5337148,VA,3/2/2015 7:00:00 PM
HON,CB504,USBAL,ARCA15000335,JP40059836,JTDKN3DU7B5337148,VA,3/2/2015 7:00:00 PM
COG,CB505,USBAL,ARCA15000524,JP50061216,JTDKB20U363134641,VA,3/12/2015 5:30:00 AM
COG,CB505,USBAL,ARCA15000524,JP50061216,JTDKB20U363134641,VA,3/12/2015 5:30:00 AM
COG,CB505,USBAL,ARCA15000524,JP50061216,JTDKB20U363134641,VA,3/12/2015 5:30:00 AM
RES,CB506,USBAL,ARCA15000635,JP20061225,SALAK2D42BA568022,VA,3/24/2015 7:24:00 PM
RES,CB506,USBAL,ARCA15000635,JP20061225,SALAK2D42BA568022,VA,3/24/2015 7:24:00 PM
RES,CB506,USBAL,ARCA15000635,JP20061225,SALAK2D42BA568022,VA,3/24/2015 7:24:00 PM
RES,CB506,USBAL,ARCA15000635,JP10062352,1GNES16S966116146,VA,3/24/2015 7:24:00 PM
RES,CB506,USBAL,ARCA15000635,JP10062352,1GNES16S966116146,VA,3/24/2015 7:24:00 PM
RES,CB506,USBAL,ARCA15000635,JP10062352,1GNES16S966116146,VA,3/24/2015 7:24:00 PM
COG,CB505,USBAL,ARCA15000524,JP80060972,WAUKJBFM4AA090001,VA,3/12/2015 5:30:00 AM
COG,CB505,USBAL,ARCA15000524,JP80060972,WAUKJBFM4AA090001,VA,3/12/2015 5:30:00 AM
COG,CB505,USBAL,ARCA15000524,JP80060972,WAUKJBFM4AA090001,VA,3/12/2015 5:30:00 AM
RES,CB506,USBAL,ARCA15000635,JP40063810,3FA6P0H90ER295347,VA,3/24/2015 7:24:00 PM
RES,CB506,USBAL,ARCA15000635,JP40063810,3FA6P0H90ER295347,VA,3/24/2015 7:24:00 PM
RES,CB506,USBAL,ARCA15000635,JP40063810,3FA6P0H90ER295347,VA,3/24/2015 7:24:00 PM
RES,CB506,USBAL,ARCA15000635,JP20062700,JTJHW31U282066938,VA,3/24/2015 7:24:00 PM
RES,CB506,USBAL,ARCA15000635,JP20062700,JTJHW31U282066938,VA,3/24/2015 7:24:00 PM
RES,CB506,USBAL,ARCA15000635,JP20062700,JTJHW31U282066938,VA,3/24/2015 7:24:00 PM
RES,CB506,USBAL,ARCA15000635,JP50064028,1ZVHT82H685162139,VA,3/24/2015 7:24:00 PM
RES,CB506,USBAL,ARCA15000635,JP50064028,1ZVHT82H685162139,VA,3/24/2015 7:24:00 PM
RES,CB506,USBAL,ARCA15000635,JP50064028,1ZVHT82H685162139,VA,3/24/2015 7:24:00 PM
HON,CB504,USBAL,ARCA15000335,JP40059411,WMWZN3C53DT265918,VA,3/2/2015 7:00:00 PM
HON,CB504,USBAL,ARCA15000335,JP40059411,WMWZN3C53DT265918,VA,3/2/2015 7:00:00 PM
HON,CB504,USBAL,ARCA15000335,JP40059411,WMWZN3C53DT265918,VA,3/2/2015 7:00:00 PM
RES,CB506,USBAL,ARCA15000635,JGP0063307,2B3LA73W36H513087,VA,3/24/2015 7:24:00 PM
RES,CB506,USBAL,ARCA15000635,JGP0063307,2B3LA73W36H513087,VA,3/24/2015 7:24:00 PM
RES,CB506,USBAL,ARCA15000635,JGP0063307,2B3LA73W36H513087,VA,3/24/2015 7:24:00 PM
RES,CB506,USBAL,ARCA15000635,JP50062347,1N4DL01D0WC214722,VA,3/24/2015 7:24:00 PM
RES,CB506,USBAL,ARCA15000635,JP50062347,1N4DL01D0WC214722,VA,3/24/2015 7:24:00 PM
RES,CB506,USBAL,ARCA15000635,JP50062347,1N4DL01D0WC214722,VA,3/24/2015 7:24:00 PM
RES,CB506,USBAL,ARCA15000635,LAY0062678,2HGFA55587H709856,VA,3/24/2015 7:24:00 PM
RES,CB506,USBAL,ARCA15000635,LAY0062678,2HGFA55587H709856,VA,3/24/2015 7:24:00 PM
RES,CB506,USBAL,ARCA15000635,LAY0062678,2HGFA55587H709856,VA,3/24/2015 7:24:00 PM
COG,CB505,USBAL,ARCA15000524,JP20061515,3C4PDCBB7DT699672,VA,3/12/2015 5:30:00 AM
COG,CB505,USBAL,ARCA15000524,JP20061515,3C4PDCBB7DT699672,VA,3/12/2015 5:30:00 AM
COG,CB505,USBAL,ARCA15000524,JP20061515,3C4PDCBB7DT699672,VA,3/12/2015 5:30:00 AM
RES,CB506,USBAL,ARCA15000635,JP50062357,WBAPK7C5XBA973616,VA,3/24/2015 7:24:00 PM
RES,CB506,USBAL,ARCA15000635,JP50062357,WBAPK7C5XBA973616,VA,3/24/2015 7:24:00 PM
RES,CB506,USBAL,ARCA15000635,JP50062357,WBAPK7C5XBA973616,VA,3/24/2015 7:24:00 PM
COG,CB505,USBAL,ARCA15000524,JP20060801,1B3EL46X15N626547,VA,3/12/2015 5:30:00 AM
COG,CB505,USBAL,ARCA15000524,JP20060801,1B3EL46X15N626547,VA,3/12/2015 5:30:00 AM
COG,CB505,USBAL,ARCA15000524,JP20060801,1B3EL46X15N626547,VA,3/12/2015 5:30:00 AM
RES,CB506,USBAL,ARCA15000635,LAY0062348,WVWAA7AJXCW286006,VA,3/24/2015 7:24:00 PM
RES,CB506,USBAL,ARCA15000635,LAY0062348,WVWAA7AJXCW286006,VA,3/24/2015 7:24:00 PM
RES,CB506,USBAL,ARCA15000635,LAY0062348,WVWAA7AJXCW286006,VA,3/24/2015 7:24:00 PM
RES,CB506,USBAL,ARCA15000635,JGP0062867,2FMDK3J91CBA37227,VA,3/24/2015 7:24:00 PM
RES,CB506,USBAL,ARCA15000635,JGP0062867,2FMDK3J91CBA37227,VA,3/24/2015 7:24:00 PM
RES,CB506,USBAL,ARCA15000635,JGP0062867,2FMDK3J91CBA37227,VA,3/24/2015 7:24:00 PM
RES,CB506,USBAL,ARCA15000635,JP10061979,1C4SDHCT7CC328519,VA,3/24/2015 7:24:00 PM
RES,CB506,USBAL,ARCA15000635,JP10061979,1C4SDHCT7CC328519,VA,3/24/2015 7:24:00 PM
RES,CB506,USBAL,ARCA15000635,JP10061979,1C4SDHCT7CC328519,VA,3/24/2015 7:24:00 PM
COG,CB505,USBAL,ARCA15000524,LAZ0061543,1FMHK7D83BGA78476,VA,3/12/2015 5:30:00 AM
COG,CB505,USBAL,ARCA15000524,LAZ0061543,1FMHK7D83BGA78476,VA,3/12/2015 5:30:00 AM
COG,CB505,USBAL,ARCA15000524,LAZ0061543,1FMHK7D83BGA78476,VA,3/12/2015 5:30:00 AM
FRE,CB508,USBAL,ARCA15000636,JP50064809,WVWGD7AJ3EW006690,VA,4/8/2015 6:00:00 AM
FRE,CB508,USBAL,ARCA15000636,JP50064809,WVWGD7AJ3EW006690,VA,4/8/2015 6:00:00 AM
FRE,CB508,USBAL,ARCA15000636,JP50064809,WVWGD7AJ3EW006690,VA,4/8/2015 6:00:00 AM
FRE,CB508,USBAL,ARCA15000636,LAY0064449,1FTPX14584NC23871,VA,4/8/2015 6:00:00 AM
FRE,CB508,USBAL,ARCA15000636,LAY0064449,1FTPX14584NC23871,VA,4/8/2015 6:00:00 AM
FRE,CB508,USBAL,ARCA15000636,LAY0064449,1FTPX14584NC23871,VA,4/8/2015 6:00:00 AM
FRE,CB508,USBAL,ARCA15000636,JP50064464,1C4NJCBA2ED659711,VA,4/8/2015 6:00:00 AM
FRE,CB508,USBAL,ARCA15000636,JP50064464,1C4NJCBA2ED659711,VA,4/8/2015 6:00:00 AM
FRE,CB508,USBAL,ARCA15000636,JP50064464,1C4NJCBA2ED659711,VA,4/8/2015 6:00:00 AM
FRE,CB508,USBAL,ARCA15000636,JP40064037,3FADP4AJ2CM220386,VA,4/8/2015 6:00:00 AM
FRE,CB508,USBAL,ARCA15000636,JP40064037,3FADP4AJ2CM220386,VA,4/8/2015 6:00:00 AM
FRE,CB508,USBAL,ARCA15000636,JP40064037,3FADP4AJ2CM220386,VA,4/8/2015 6:00:00 AM
FRE,CB508,USBAL,ARCA15000636,KFZ0064225,3TMJU4GN9AM098767,VA,4/8/2015 6:00:00 AM
FRE,CB508,USBAL,ARCA15000636,KFZ0064225,3TMJU4GN9AM098767,VA,4/8/2015 6:00:00 AM
FRE,CB508,USBAL,ARCA15000636,KFZ0064225,3TMJU4GN9AM098767,VA,4/8/2015 6:00:00 AM
FRE,CB508,USBAL,ARCA15000636,JP50066584,1HGCP26838A156526,VA,4/8/2015 6:00:00 AM
FRE,CB508,USBAL,ARCA15000636,JP50066584,1HGCP26838A156526,VA,4/8/2015 6:00:00 AM
FRE,CB508,USBAL,ARCA15000636,JP50066584,1HGCP26838A156526,VA,4/8/2015 6:00:00 AM
FRE,CB508,USBAL,ARCA15000636,JP50064264,4S3BG6854X7605566,VA,4/8/2015 6:00:00 AM
FRE,CB508,USBAL,ARCA15000636,JP50064264,4S3BG6854X7605566,VA,4/8/2015 6:00:00 AM
FRE,CB508,USBAL,ARCA15000636,JP50064264,4S3BG6854X7605566,VA,4/8/2015 6:00:00 AM
FRE,CB508,USBAL,ARCA15000636,JP60065138,3VWRL7AJ1AM142979,VA,4/8/2015 6:00:00 AM
FRE,CB508,USBAL,ARCA15000636,JP60065138,3VWRL7AJ1AM142979,VA,4/8/2015 6:00:00 AM
FRE,CB508,USBAL,ARCA15000636,JP60065138,3VWRL7AJ1AM142979,VA,4/8/2015 6:00:00 AM
FRE,CB508,USBAL,ARCA15000636,JP50066633,WDCGG0EB0EG183462,VA,4/8/2015 6:00:00 AM
FRE,CB508,USBAL,ARCA15000636,JP50066633,WDCGG0EB0EG183462,VA,4/8/2015 6:00:00 AM
FRE,CB508,USBAL,ARCA15000636,JP50066633,WDCGG0EB0EG183462,VA,4/8/2015 6:00:00 AM
FRE,CB508,USBAL,ARCA15000636,JP50065093,1FMHK7B80BGA78437,VA,4/8/2015 6:00:00 AM
FRE,CB508,USBAL,ARCA15000636,JP50065093,1FMHK7B80BGA78437,VA,4/8/2015 6:00:00 AM
FRE,CB508,USBAL,ARCA15000636,JP50065093,1FMHK7B80BGA78437,VA,4/8/2015 6:00:00 AM
FRE,CB508,USBAL,ARCA15000636,JP80065345,WAUDGAFL6CA101849,VA,4/8/2015 6:00:00 AM
FRE,CB508,USBAL,ARCA15000636,JP80065345,WAUDGAFL6CA101849,VA,4/8/2015 6:00:00 AM
FRE,CB508,USBAL,ARCA15000636,JP80065345,WAUDGAFL6CA101849,VA,4/8/2015 6:00:00 AM
FRE,CB508,USBAL,ARCA15000636,KFZ0064480,2HGFG21587H704966,VA,4/8/2015 6:00:00 AM
FRE,CB508,USBAL,ARCA15000636,KFZ0064480,2HGFG21587H704966,VA,4/8/2015 6:00:00 AM
FRE,CB508,USBAL,ARCA15000636,KFZ0064480,2HGFG21587H704966,VA,4/8/2015 6:00:00 AM
FRE,CB508,USBAL,ARCA15000636,LAZ0062689,KNDJT2A24B7201529,VA,4/8/2015 6:00:00 AM
FRE,CB508,USBAL,ARCA15000636,LAZ0062689,KNDJT2A24B7201529,VA,4/8/2015 6:00:00 AM
FRE,CB508,USBAL,ARCA15000636,LAZ0062689,KNDJT2A24B7201529,VA,4/8/2015 6:00:00 AM
FRE,CB508,USBAL,ARCA15000636,LAZ0065127,JA4AP4AU0BZ005619,VA,4/8/2015 6:00:00 AM
FRE,CB508,USBAL,ARCA15000636,LAZ0065127,JA4AP4AU0BZ005619,VA,4/8/2015 6:00:00 AM
FRE,CB508,USBAL,ARCA15000636,LAZ0065127,JA4AP4AU0BZ005619,VA,4/8/2015 6:00:00 AM
FRE,CB508,USBAL,ARCA15000636,LAP0063584,WBAAC11000AB08340,VA,4/8/2015 6:00:00 AM
FRE,CB508,USBAL,ARCA15000636,LAP0063584,WBAAC11000AB08340,VA,4/8/2015 6:00:00 AM
FRE,CB508,USBAL,ARCA15000636,LAP0063584,WBAAC11000AB08340,VA,4/8/2015 6:00:00 AM
FRE,CB508,USBAL,ARCA15000636,JP50064222,1NXBR32E56Z730881,VA,4/8/2015 6:00:00 AM
FRE,CB508,USBAL,ARCA15000636,JP50064222,1NXBR32E56Z730881,VA,4/8/2015 6:00:00 AM
FRE,CB508,USBAL,ARCA15000636,JP50064222,1NXBR32E56Z730881,VA,4/8/2015 6:00:00 AM
FRE,CB508,USBAL,ARCA15000636,JP40064797,5N1AN08W55C629298,VA,4/8/2015 6:00:00 AM
FRE,CB508,USBAL,ARCA15000636,JP40064797,5N1AN08W55C629298,VA,4/8/2015 6:00:00 AM
FRE,CB508,USBAL,ARCA15000636,JP40064797,5N1AN08W55C629298,VA,4/8/2015 6:00:00 AM
FRE,CB508,USBAL,ARCA15000636,JP50064239,3FADP4EJ9DM227041,VA,4/8/2015 6:00:00 AM
FRE,CB508,USBAL,ARCA15000636,JP50064239,3FADP4EJ9DM227041,VA,4/8/2015 6:00:00 AM
FRE,CB508,USBAL,ARCA15000636,JP50064239,3FADP4EJ9DM227041,VA,4/8/2015 6:00:00 AM
FRE,CB508,USBAL,ARCA15000636,JP50065354,1G1PH5SC7C7241750,VA,4/8/2015 6:00:00 AM
FRE,CB508,USBAL,ARCA15000636,JP50065354,1G1PH5SC7C7241750,VA,4/8/2015 6:00:00 AM
FRE,CB508,USBAL,ARCA15000636,JP50065354,1G1PH5SC7C7241750,VA,4/8/2015 6:00:00 AM
FRE,CB508,USBAL,ARCA15000636,JP40065745,1J8FA241X8L565316,VA,4/8/2015 6:00:00 AM
FRE,CB508,USBAL,ARCA15000636,JP40065745,1J8FA241X8L565316,VA,4/8/2015 6:00:00 AM
FRE,CB508,USBAL,ARCA15000636,JP40065745,1J8FA241X8L565316,VA,4/8/2015 6:00:00 AM
FRE,CB508,USBAL,ARCA15000636,JP50066097,6G2ER57719L175307,VA,4/8/2015 6:00:00 AM
FRE,CB508,USBAL,ARCA15000636,JP50066097,6G2ER57719L175307,VA,4/8/2015 6:00:00 AM
FRE,CB508,USBAL,ARCA15000636,JP50066097,6G2ER57719L175307,VA,4/8/2015 6:00:00 AM
FRE,CB508,USBAL,ARCA15000636,LAZ0064452,JNKBY31A5YM301215,VA,4/8/2015 6:00:00 AM
FRE,CB508,USBAL,ARCA15000636,LAZ0064452,JNKBY31A5YM301215,VA,4/8/2015 6:00:00 AM
FRE,CB508,USBAL,ARCA15000636,LAZ0064452,JNKBY31A5YM301215,VA,4/8/2015 6:00:00 AM
FRE,CB508,USBAL,ARCA15000636,JP40064036,4NUDS13S052700602,VA,4/8/2015 6:00:00 AM
FRE,CB508,USBAL,ARCA15000636,JP40064036,4NUDS13S052700602,VA,4/8/2015 6:00:00 AM
FRE,CB508,USBAL,ARCA15000636,JP40064036,4NUDS13S052700602,VA,4/8/2015 6:00:00 AM
FRE,CB508,USBAL,ARCA15000636,JP50066122,1D7HA18206S710000,VA,4/8/2015 6:00:00 AM
FRE,CB508,USBAL,ARCA15000636,JP50066122,1D7HA18206S710000,VA,4/8/2015 6:00:00 AM
FRE,CB508,USBAL,ARCA15000636,JP50066122,1D7HA18206S710000,VA,4/8/2015 6:00:00 AM
FRE,CB508,USBAL,ARCA15000636,JP50065112,4T1BK46K18U561648,VA,4/8/2015 6:00:00 AM
FRE,CB508,USBAL,ARCA15000636,JP50065112,4T1BK46K18U561648,VA,4/8/2015 6:00:00 AM
FRE,CB508,USBAL,ARCA15000636,JP50065112,4T1BK46K18U561648,VA,4/8/2015 6:00:00 AM
FRE,CB508,USBAL,ARCA15000636,JP10064499,3GTFC13529G290703,VA,4/8/2015 6:00:00 AM
FRE,CB508,USBAL,ARCA15000636,JP10064499,3GTFC13529G290703,VA,4/8/2015 6:00:00 AM
FRE,CB508,USBAL,ARCA15000636,JP10064499,3GTFC13529G290703,VA,4/8/2015 6:00:00 AM
FRE,CB508,USBAL,ARCA15000636,JP40065355,1FADP3F28DL202845,VA,4/8/2015 6:00:00 AM
FRE,CB508,USBAL,ARCA15000636,JP40065355,1FADP3F28DL202845,VA,4/8/2015 6:00:00 AM
FRE,CB508,USBAL,ARCA15000636,JP40065355,1FADP3F28DL202845,VA,4/8/2015 6:00:00 AM
FRE,CB508,USBAL,ARCA15000636,JP50064504,2FMDK4KC1CBA64881,VA,4/8/2015 6:00:00 AM
FRE,CB508,USBAL,ARCA15000636,JP50064504,2FMDK4KC1CBA64881,VA,4/8/2015 6:00:00 AM
FRE,CB508,USBAL,ARCA15000636,JP50064504,2FMDK4KC1CBA64881,VA,4/8/2015 6:00:00 AM
FRE,CB508,USBAL,ARCA15000636,LAY0064445,1C4BJWDG1DL621347,VA,4/8/2015 6:00:00 AM
FRE,CB508,USBAL,ARCA15000636,LAY0064445,1C4BJWDG1DL621347,VA,4/8/2015 6:00:00 AM
FRE,CB508,USBAL,ARCA15000636,LAY0064445,1C4BJWDG1DL621347,VA,4/8/2015 6:00:00 AM
FRE,CB508,USBAL,ARCA15000636,KFZ0065326,WMWRE33424TD78561,VA,4/8/2015 6:00:00 AM
FRE,CB508,USBAL,ARCA15000636,KFZ0065326,WMWRE33424TD78561,VA,4/8/2015 6:00:00 AM
FRE,CB508,USBAL,ARCA15000636,KFZ0065326,WMWRE33424TD78561,VA,4/8/2015 6:00:00 AM
FRE,CB508,USBAL,ARCA15000636,JP40066135,KNDJT2A60C7364375,VA,4/8/2015 6:00:00 AM
FRE,CB508,USBAL,ARCA15000636,JP40066135,KNDJT2A60C7364375,VA,4/8/2015 6:00:00 AM
FRE,CB508,USBAL,ARCA15000636,JP40066135,KNDJT2A60C7364375,VA,4/8/2015 6:00:00 AM
FRE,CB508,USBAL,ARCA15000636,JP40064836,1FMCU0J91EUC63396,VA,4/8/2015 6:00:00 AM
FRE,CB508,USBAL,ARCA15000636,JP40064836,1FMCU0J91EUC63396,VA,4/8/2015 6:00:00 AM
FRE,CB508,USBAL,ARCA15000636,JP40064836,1FMCU0J91EUC63396,VA,4/8/2015 6:00:00 AM
FRE,CB508,USBAL,ARCA15000636,JP80064462,1GKKRTED2BJ396056,VA,4/8/2015 6:00:00 AM
FRE,CB508,USBAL,ARCA15000636,JP80064462,1GKKRTED2BJ396056,VA,4/8/2015 6:00:00 AM
FRE,CB508,USBAL,ARCA15000636,JP80064462,1GKKRTED2BJ396056,VA,4/8/2015 6:00:00 AM
FRE,CB508,USBAL,ARCA15000636,JP40065090,WA1DGAFP2EA004490,VA,4/8/2015 6:00:00 AM
FRE,CB508,USBAL,ARCA15000636,JP40065090,WA1DGAFP2EA004490,VA,4/8/2015 6:00:00 AM
FRE,CB508,USBAL,ARCA15000636,JP40065090,WA1DGAFP2EA004490,VA,4/8/2015 6:00:00 AM
FRE,CB508,USBAL,ARCA15000636,LAY0065343,JTEZU14R678065761,VA,4/8/2015 6:00:00 AM
FRE,CB508,USBAL,ARCA15000636,LAY0065343,JTEZU14R678065761,VA,4/8/2015 6:00:00 AM
FRE,CB508,USBAL,ARCA15000636,LAY0065343,JTEZU14R678065761,VA,4/8/2015 6:00:00 AM
FRE,CB508,USBAL,ARCA15000636,JP40064441,1FMCU9D72BKA06060,VA,4/8/2015 6:00:00 AM
FRE,CB508,USBAL,ARCA15000636,JP40064441,1FMCU9D72BKA06060,VA,4/8/2015 6:00:00 AM
FRE,CB508,USBAL,ARCA15000636,JP40064441,1FMCU9D72BKA06060,VA,4/8/2015 6:00:00 AM
FRE,CB508,USBAL,ARCA15000636,JP50064491,1D8GU28K88W282757,VA,4/8/2015 6:00:00 AM
FRE,CB508,USBAL,ARCA15000636,JP50064491,1D8GU28K88W282757,VA,4/8/2015 6:00:00 AM
FRE,CB508,USBAL,ARCA15000636,JP50064491,1D8GU28K88W282757,VA,4/8/2015 6:00:00 AM
FRE,CB508,USBAL,ARCA15000636,LAY0066111,1NXBR32E07Z913476,VA,4/8/2015 6:00:00 AM
FRE,CB508,USBAL,ARCA15000636,LAY0066111,1NXBR32E07Z913476,VA,4/8/2015 6:00:00 AM
FRE,CB508,USBAL,ARCA15000636,LAY0066111,1NXBR32E07Z913476,VA,4/8/2015 6:00:00 AM
FRE,CB508,USBAL,ARCA15000636,JP60063779,1GKFK16T81J313650,VA,4/8/2015 6:00:00 AM
FRE,CB508,USBAL,ARCA15000636,JP60063779,1GKFK16T81J313650,VA,4/8/2015 6:00:00 AM
FRE,CB508,USBAL,ARCA15000636,JP60063779,1GKFK16T81J313650,VA,4/8/2015 6:00:00 AM
FRE,CB508,USBAL,ARCA15000636,JP80065314,WDCGG8JB0FG338873,VA,4/8/2015 6:00:00 AM
FRE,CB508,USBAL,ARCA15000636,JP80065314,WDCGG8JB0FG338873,VA,4/8/2015 6:00:00 AM
FRE,CB508,USBAL,ARCA15000636,JP80065314,WDCGG8JB0FG338873,VA,4/8/2015 6:00:00 AM
FRE,CB508,USBAL,ARCA15000636,LAY0065135,1FAHP3FN3AW265762,VA,4/8/2015 6:00:00 AM
FRE,CB508,USBAL,ARCA15000636,LAY0065135,1FAHP3FN3AW265762,VA,4/8/2015 6:00:00 AM
FRE,CB508,USBAL,ARCA15000636,LAY0065135,1FAHP3FN3AW265762,VA,4/8/2015 6:00:00 AM
FRE,CB508,USBAL,ARCA15000636,JP80065738,2FMDK4AK2CBA24706,VA,4/8/2015 6:00:00 AM
FRE,CB508,USBAL,ARCA15000636,JP80065738,2FMDK4AK2CBA24706,VA,4/8/2015 6:00:00 AM
FRE,CB508,USBAL,ARCA15000636,JP80065738,2FMDK4AK2CBA24706,VA,4/8/2015 6:00:00 AM
FRE,CB508,USBAL,ARCA15000636,JP60064798,2FMDK4AK8CBA29182,VA,4/8/2015 6:00:00 AM
FRE,CB508,USBAL,ARCA15000636,JP60064798,2FMDK4AK8CBA29182,VA,4/8/2015 6:00:00 AM
FRE,CB508,USBAL,ARCA15000636,JP60064798,2FMDK4AK8CBA29182,VA,4/8/2015 6:00:00 AM
FRE,CB508,USBAL,ARCA15000636,JP70065521,1FMCU9DG1AKB88171,VA,4/8/2015 6:00:00 AM
FRE,CB508,USBAL,ARCA15000636,JP70065521,1FMCU9DG1AKB88171,VA,4/8/2015 6:00:00 AM
FRE,CB508,USBAL,ARCA15000636,JP70065521,1FMCU9DG1AKB88171,VA,4/8/2015 6:00:00 AM
FRE,CB508,USBAL,ARCA15000636,JP60064213,3GNEK13T42G120837,VA,4/8/2015 6:00:00 AM
FRE,CB508,USBAL,ARCA15000636,JP60064213,3GNEK13T42G120837,VA,4/8/2015 6:00:00 AM
FRE,CB508,USBAL,ARCA15000636,JP60064213,3GNEK13T42G120837,VA,4/8/2015 6:00:00 AM
FRE,CB508,USBAL,ARCA15000636,LAZ0064250,1J4AA5D18BL546767,VA,4/8/2015 6:00:00 AM
FRE,CB508,USBAL,ARCA15000636,LAZ0064250,1J4AA5D18BL546767,VA,4/8/2015 6:00:00 AM
FRE,CB508,USBAL,ARCA15000636,LAZ0064250,1J4AA5D18BL546767,VA,4/8/2015 6:00:00 AM
FRE,CB508,USBAL,ARCA15000636,JP50066392,WP0AA2A98BS706313,VA,4/8/2015 6:00:00 AM
FRE,CB508,USBAL,ARCA15000636,JP50066392,WP0AA2A98BS706313,VA,4/8/2015 6:00:00 AM
FRE,CB508,USBAL,ARCA15000636,JP50066392,WP0AA2A98BS706313,VA,4/8/2015 6:00:00 AM
FRE,CB508,USBAL,ARCA15000636,JP50065361,1J4FA44S66P774273,VA,4/8/2015 6:00:00 AM
FRE,CB508,USBAL,ARCA15000636,JP50065361,1J4FA44S66P774273,VA,4/8/2015 6:00:00 AM
FRE,CB508,USBAL,ARCA15000636,JP50065361,1J4FA44S66P774273,VA,4/8/2015 6:00:00 AM
FRE,CB508,USBAL,ARCA15000636,JP40065103,5TDYK3DC1BS053423,VA,4/8/2015 6:00:00 AM
FRE,CB508,USBAL,ARCA15000636,JP40065103,5TDYK3DC1BS053423,VA,4/8/2015 6:00:00 AM
FRE,CB508,USBAL,ARCA15000636,JP40065103,5TDYK3DC1BS053423,VA,4/8/2015 6:00:00 AM
FRE,CB508,USBAL,ARCA15000636,JP20064783,3N1AB61E38L754362,VA,4/8/2015 6:00:00 AM
FRE,CB508,USBAL,ARCA15000636,JP20064783,3N1AB61E38L754362,VA,4/8/2015 6:00:00 AM
FRE,CB508,USBAL,ARCA15000636,JP20064783,3N1AB61E38L754362,VA,4/8/2015 6:00:00 AM
FRE,CB508,USBAL,ARCA15000636,KFZ0064446,3VWDC21VXYM809431,VA,4/8/2015 6:00:00 AM
FRE,CB508,USBAL,ARCA15000636,KFZ0064446,3VWDC21VXYM809431,VA,4/8/2015 6:00:00 AM
FRE,CB508,USBAL,ARCA15000636,KFZ0064446,3VWDC21VXYM809431,VA,4/8/2015 6:00:00 AM
FRE,CB508,USBAL,ARCA15000636,JP50064256,3FAHP0JG7BR154885,VA,4/8/2015 6:00:00 AM
FRE,CB508,USBAL,ARCA15000636,JP50064256,3FAHP0JG7BR154885,VA,4/8/2015 6:00:00 AM
FRE,CB508,USBAL,ARCA15000636,JP50064256,3FAHP0JG7BR154885,VA,4/8/2015 6:00:00 AM
FRE,CB508,USBAL,ARCA15000636,JP80065089,1FMHK7D88CGA38640,VA,4/8/2015 6:00:00 AM
FRE,CB508,USBAL,ARCA15000636,JP80065089,1FMHK7D88CGA38640,VA,4/8/2015 6:00:00 AM
FRE,CB508,USBAL,ARCA15000636,JP80065089,1FMHK7D88CGA38640,VA,4/8/2015 6:00:00 AM
FRE,CB508,USBAL,ARCA15000636,KFZ0064220,2HGFG1B88AH503353,VA,4/8/2015 6:00:00 AM
FRE,CB508,USBAL,ARCA15000636,KFZ0064220,2HGFG1B88AH503353,VA,4/8/2015 6:00:00 AM
FRE,CB508,USBAL,ARCA15000636,KFZ0064220,2HGFG1B88AH503353,VA,4/8/2015 6:00:00 AM
FRE,CB508,USBAL,ARCA15000636,JP70066090,1B3JB48B67D500955,VA,4/8/2015 6:00:00 AM
FRE,CB508,USBAL,ARCA15000636,JP70066090,1B3JB48B67D500955,VA,4/8/2015 6:00:00 AM
FRE,CB508,USBAL,ARCA15000636,JP70066090,1B3JB48B67D500955,VA,4/8/2015 6:00:00 AM
FRE,CB508,USBAL,ARCA15000636,JP50066108,WAUPL68E44A142308,VA,4/8/2015 6:00:00 AM
FRE,CB508,USBAL,ARCA15000636,JP50066108,WAUPL68E44A142308,VA,4/8/2015 6:00:00 AM
FRE,CB508,USBAL,ARCA15000636,JP50066108,WAUPL68E44A142308,VA,4/8/2015 6:00:00 AM
FRE,CB508,USBAL,ARCA15000636,JP60064791,WAUFGAFB8AN055236,VA,4/8/2015 6:00:00 AM
FRE,CB508,USBAL,ARCA15000636,JP60064791,WAUFGAFB8AN055236,VA,4/8/2015 6:00:00 AM
FRE,CB508,USBAL,ARCA15000636,JP60064791,WAUFGAFB8AN055236,VA,4/8/2015 6:00:00 AM
FRE,CB508,USBAL,ARCA15000636,LAZ0066798,JF1GV8J65BL524737,VA,4/8/2015 6:00:00 AM
FRE,CB508,USBAL,ARCA15000636,LAZ0066798,JF1GV8J65BL524737,VA,4/8/2015 6:00:00 AM
FRE,CB508,USBAL,ARCA15000636,LAZ0066798,JF1GV8J65BL524737,VA,4/8/2015 6:00:00 AM
FRE,CB508,USBAL,ARCA15000636,JP20065534,5TDYK3DC4BS048460,VA,4/8/2015 6:00:00 AM
FRE,CB508,USBAL,ARCA15000636,JP20065534,5TDYK3DC4BS048460,VA,4/8/2015 6:00:00 AM
FRE,CB508,USBAL,ARCA15000636,JP20065534,5TDYK3DC4BS048460,VA,4/8/2015 6:00:00 AM
FRE,CB508,USBAL,ARCA15000636,LAZ0064261,2FMDK3JC2DBB77042,VA,4/8/2015 6:00:00 AM
FRE,CB508,USBAL,ARCA15000636,LAZ0064261,2FMDK3JC2DBB77042,VA,4/8/2015 6:00:00 AM
FRE,CB508,USBAL,ARCA15000636,LAZ0064261,2FMDK3JC2DBB77042,VA,4/8/2015 6:00:00 AM
FRE,CB508,USBAL,ARCA15000636,KFZ0065318,5FNRL38739B001594,VA,4/8/2015 6:00:00 AM
FRE,CB508,USBAL,ARCA15000636,KFZ0065318,5FNRL38739B001594,VA,4/8/2015 6:00:00 AM
FRE,CB508,USBAL,ARCA15000636,KFZ0065318,5FNRL38739B001594,VA,4/8/2015 6:00:00 AM
FRE,CB508,USBAL,ARCA15000636,JP50066112,1C4BJWDG2EL208046,VA,4/8/2015 6:00:00 AM
FRE,CB508,USBAL,ARCA15000636,JP50066112,1C4BJWDG2EL208046,VA,4/8/2015 6:00:00 AM
FRE,CB508,USBAL,ARCA15000636,JP50066112,1C4BJWDG2EL208046,VA,4/8/2015 6:00:00 AM
FRE,CB508,USBAL,ARCA15000636,JP50066402,1C3CDFBB0ED927569,VA,4/8/2015 6:00:00 AM
FRE,CB508,USBAL,ARCA15000636,JP50066402,1C3CDFBB0ED927569,VA,4/8/2015 6:00:00 AM
FRE,CB508,USBAL,ARCA15000636,JP50066402,1C3CDFBB0ED927569,VA,4/8/2015 6:00:00 AM
FRE,CB508,USBAL,ARCA15000636,JP70066572,1ZVBP8CF5C5271143,VA,4/8/2015 6:00:00 AM
FRE,CB508,USBAL,ARCA15000636,JP70066572,1ZVBP8CF5C5271143,VA,4/8/2015 6:00:00 AM
FRE,CB508,USBAL,ARCA15000636,JP70066572,1ZVBP8CF5C5271143,VA,4/8/2015 6:00:00 AM
FRE,CB508,USBAL,ARCA15000636,JP70060326,1LNHM97V2YY767516,VA,4/8/2015 6:00:00 AM
FRE,CB508,USBAL,ARCA15000636,JP70060326,1LNHM97V2YY767516,VA,4/8/2015 6:00:00 AM
FRE,CB508,USBAL,ARCA15000636,JP70060326,1LNHM97V2YY767516,VA,4/8/2015 6:00:00 AM
FRE,CB508,USBAL,ARCA15000636,JP50064822,1N4AA5AP9CC812335,VA,4/8/2015 6:00:00 AM
FRE,CB508,USBAL,ARCA15000636,JP50064822,1N4AA5AP9CC812335,VA,4/8/2015 6:00:00 AM
FRE,CB508,USBAL,ARCA15000636,JP50064822,1N4AA5AP9CC812335,VA,4/8/2015 6:00:00 AM
FRE,CB508,USBAL,ARCA15000636,JP50064840,WAUGFAFR9AA052793,VA,4/8/2015 6:00:00 AM
FRE,CB508,USBAL,ARCA15000636,JP50064840,WAUGFAFR9AA052793,VA,4/8/2015 6:00:00 AM
FRE,CB508,USBAL,ARCA15000636,JP50064840,WAUGFAFR9AA052793,VA,4/8/2015 6:00:00 AM
FRE,CB508,USBAL,ARCA15000636,JP50066592,1GNFK13057J346689,VA,4/8/2015 6:00:00 AM
FRE,CB508,USBAL,ARCA15000636,JP50066592,1GNFK13057J346689,VA,4/8/2015 6:00:00 AM
FRE,CB508,USBAL,ARCA15000636,JP50066592,1GNFK13057J346689,VA,4/8/2015 6:00:00 AM
FRE,CB508,USBAL,ARCA15000636,JP60064253,1J4AA2D15AL126199,VA,4/8/2015 6:00:00 AM
FRE,CB508,USBAL,ARCA15000636,JP60064253,1J4AA2D15AL126199,VA,4/8/2015 6:00:00 AM
FRE,CB508,USBAL,ARCA15000636,JP60064253,1J4AA2D15AL126199,VA,4/8/2015 6:00:00 AM
FRE,CB508,USBAL,ARCA15000636,JP80064472,WBXPC93408WJ05559,VA,4/8/2015 6:00:00 AM
FRE,CB508,USBAL,ARCA15000636,JP80064472,WBXPC93408WJ05559,VA,4/8/2015 6:00:00 AM
FRE,CB508,USBAL,ARCA15000636,JP80064472,WBXPC93408WJ05559,VA,4/8/2015 6:00:00 AM
FRE,CB508,USBAL,ARCA15000636,JP60065544,1FTFW1ET7CKD22015,VA,4/8/2015 6:00:00 AM
FRE,CB508,USBAL,ARCA15000636,JP60065544,1FTFW1ET7CKD22015,VA,4/8/2015 6:00:00 AM
FRE,CB508,USBAL,ARCA15000636,JP60065544,1FTFW1ET7CKD22015,VA,4/8/2015 6:00:00 AM
FRE,CB508,USBAL,ARCA15000636,JP60064507,WBA3A5C58CF258957,VA,4/8/2015 6:00:00 AM
FRE,CB508,USBAL,ARCA15000636,JP60064507,WBA3A5C58CF258957,VA,4/8/2015 6:00:00 AM
FRE,CB508,USBAL,ARCA15000636,JP60064507,WBA3A5C58CF258957,VA,4/8/2015 6:00:00 AM
FRE,CB508,USBAL,ARCA15000636,JP40065752,5XYKTCA60CG217230,VA,4/8/2015 6:00:00 AM
FRE,CB508,USBAL,ARCA15000636,JP40065752,5XYKTCA60CG217230,VA,4/8/2015 6:00:00 AM
FRE,CB508,USBAL,ARCA15000636,JP40065752,5XYKTCA60CG217230,VA,4/8/2015 6:00:00 AM
FRE,CB508,USBAL,ARCA15000636,JP50065128,5UXWX9C54E0D10968,VA,4/8/2015 6:00:00 AM
FRE,CB508,USBAL,ARCA15000636,JP50065128,5UXWX9C54E0D10968,VA,4/8/2015 6:00:00 AM
FRE,CB508,USBAL,ARCA15000636,JP50065128,5UXWX9C54E0D10968,VA,4/8/2015 6:00:00 AM
FRE,CB508,USBAL,ARCA15000636,JP50064228,1C4NJCCB9ED659728,VA,4/8/2015 6:00:00 AM
FRE,CB508,USBAL,ARCA15000636,JP50064228,1C4NJCCB9ED659728,VA,4/8/2015 6:00:00 AM
FRE,CB508,USBAL,ARCA15000636,JP50064228,1C4NJCCB9ED659728,VA,4/8/2015 6:00:00 AM
FRE,CB508,USBAL,ARCA15000636,KFZ0065522,WA1VMAFE1DD003629,VA,4/8/2015 6:00:00 AM
FRE,CB508,USBAL,ARCA15000636,KFZ0065522,WA1VMAFE1DD003629,VA,4/8/2015 6:00:00 AM
FRE,CB508,USBAL,ARCA15000636,KFZ0065522,WA1VMAFE1DD003629,VA,4/8/2015 6:00:00 AM
FRE,CB508,USBAL,ARCA15000636,LAZ0064267,1J8GS48K57C526664,VA,4/8/2015 6:00:00 AM
FRE,CB508,USBAL,ARCA15000636,LAZ0064267,1J8GS48K57C526664,VA,4/8/2015 6:00:00 AM
FRE,CB508,USBAL,ARCA15000636,LAZ0064267,1J8GS48K57C526664,VA,4/8/2015 6:00:00 AM
FRE,CB508,USBAL,ARCA15000636,JP80064448,2HJYK16536H525284,VA,4/8/2015 6:00:00 AM
FRE,CB508,USBAL,ARCA15000636,JP80064448,2HJYK16536H525284,VA,4/8/2015 6:00:00 AM
FRE,CB508,USBAL,ARCA15000636,JP80064448,2HJYK16536H525284,VA,4/8/2015 6:00:00 AM
FRE,CB508,USBAL,ARCA15000636,JP50062357,WBAPK7C5XBA973616,VA,4/8/2015 6:00:00 AM
FRE,CB508,USBAL,ARCA15000636,JP50062357,WBAPK7C5XBA973616,VA,4/8/2015 6:00:00 AM
FRE,CB508,USBAL,ARCA15000636,JP50062357,WBAPK7C5XBA973616,VA,4/8/2015 6:00:00 AM
FRE,CB508,USBAL,ARCA15000636,JP50064799,1D7HA18KX6J242332,VA,4/8/2015 6:00:00 AM
FRE,CB508,USBAL,ARCA15000636,JP50064799,1D7HA18KX6J242332,VA,4/8/2015 6:00:00 AM
FRE,CB508,USBAL,ARCA15000636,JP50064799,1D7HA18KX6J242332,VA,4/8/2015 6:00:00 AM
FRE,CB508,USBAL,ARCA15000636,JP40065327,1ZVBP8AN5A5160017,VA,4/8/2015 6:00:00 AM
FRE,CB508,USBAL,ARCA15000636,JP40065327,1ZVBP8AN5A5160017,VA,4/8/2015 6:00:00 AM
FRE,CB508,USBAL,ARCA15000636,JP40065327,1ZVBP8AN5A5160017,VA,4/8/2015 6:00:00 AM
FRE,CB508,USBAL,ARCA15000636,JP50065344,1D4GP45R35B284389,VA,4/8/2015 6:00:00 AM
FRE,CB508,USBAL,ARCA15000636,JP50065344,1D4GP45R35B284389,VA,4/8/2015 6:00:00 AM
FRE,CB508,USBAL,ARCA15000636,JP50065344,1D4GP45R35B284389,VA,4/8/2015 6:00:00 AM
FRE,CB508,USBAL,ARCA15000636,LAP0063782,2T1BU4EE4BC557043,VA,4/8/2015 6:00:00 AM
FRE,CB508,USBAL,ARCA15000636,LAP0063782,2T1BU4EE4BC557043,VA,4/8/2015 6:00:00 AM
FRE,CB508,USBAL,ARCA15000636,LAP0063782,2T1BU4EE4BC557043,VA,4/8/2015 6:00:00 AM
FRE,CB508,USBAL,ARCA15000636,JP10065574,1FMCU0DG0CKB53488,VA,4/8/2015 6:00:00 AM
FRE,CB508,USBAL,ARCA15000636,JP10065574,1FMCU0DG0CKB53488,VA,4/8/2015 6:00:00 AM
FRE,CB508,USBAL,ARCA15000636,JP10065574,1FMCU0DG0CKB53488,VA,4/8/2015 6:00:00 AM
FRE,CB508,USBAL,ARCA15000636,JP50064486,1C4BJWFG4FL530184,VA,4/8/2015 6:00:00 AM
FRE,CB508,USBAL,ARCA15000636,JP50064486,1C4BJWFG4FL530184,VA,4/8/2015 6:00:00 AM
FRE,CB508,USBAL,ARCA15000636,JP50064486,1C4BJWFG4FL530184,VA,4/8/2015 6:00:00 AM
FRE,CB508,USBAL,ARCA15000636,KJ20064032,WBAHA51010BA51961,VA,4/8/2015 6:00:00 AM
FRE,CB508,USBAL,ARCA15000636,KJ20064032,WBAHA51010BA51961,VA,4/8/2015 6:00:00 AM
FRE,CB508,USBAL,ARCA15000636,KJ20064032,WBAHA51010BA51961,VA,4/8/2015 6:00:00 AM
FRE,CB508,USBAL,ARCA15000636,JP50066612,1FMCU0G94DUC05837,VA,4/8/2015 6:00:00 AM
FRE,CB508,USBAL,ARCA15000636,JP50066612,1FMCU0G94DUC05837,VA,4/8/2015 6:00:00 AM
FRE,CB508,USBAL,ARCA15000636,JP50066612,1FMCU0G94DUC05837,VA,4/8/2015 6:00:00 AM
FRE,CB508,USBAL,ARCA15000636,LAP0063763,JTNBE46K073024474,VA,4/8/2015 6:00:00 AM
FRE,CB508,USBAL,ARCA15000636,LAP0063763,JTNBE46K073024474,VA,4/8/2015 6:00:00 AM
FRE,CB508,USBAL,ARCA15000636,LAP0063763,JTNBE46K073024474,VA,4/8/2015 6:00:00 AM
FRE,CB508,USBAL,ARCA15000636,JP50066099,1FADP3L93DL179881,VA,4/8/2015 6:00:00 AM
FRE,CB508,USBAL,ARCA15000636,JP50066099,1FADP3L93DL179881,VA,4/8/2015 6:00:00 AM
FRE,CB508,USBAL,ARCA15000636,JP50066099,1FADP3L93DL179881,VA,4/8/2015 6:00:00 AM
FRE,CB508,USBAL,ARCA15000636,KJ20066123,19UUA66244A004628,VA,4/8/2015 6:00:00 AM
FRE,CB508,USBAL,ARCA15000636,KJ20066123,19UUA66244A004628,VA,4/8/2015 6:00:00 AM
FRE,CB508,USBAL,ARCA15000636,KJ20066123,19UUA66244A004628,VA,4/8/2015 6:00:00 AM
FRE,CB508,USBAL,ARCA15000636,JP60065778,2HKYF18626H542650,VA,4/8/2015 6:00:00 AM
FRE,CB508,USBAL,ARCA15000636,JP60065778,2HKYF18626H542650,VA,4/8/2015 6:00:00 AM
FRE,CB508,USBAL,ARCA15000636,JP60065778,2HKYF18626H542650,VA,4/8/2015 6:00:00 AM
FRE,CB508,USBAL,ARCA15000636,JP50065523,YV1MS682772307033,VA,4/8/2015 6:00:00 AM
FRE,CB508,USBAL,ARCA15000636,JP50065523,YV1MS682772307033,VA,4/8/2015 6:00:00 AM
FRE,CB508,USBAL,ARCA15000636,JP50065523,YV1MS682772307033,VA,4/8/2015 6:00:00 AM
FRE,CB508,USBAL,ARCA15000636,JP40064044,1D7RB1CT0AS141286,VA,4/8/2015 6:00:00 AM
FRE,CB508,USBAL,ARCA15000636,JP40064044,1D7RB1CT0AS141286,VA,4/8/2015 6:00:00 AM
FRE,CB508,USBAL,ARCA15000636,JP40064044,1D7RB1CT0AS141286,VA,4/8/2015 6:00:00 AM
FRE,CB508,USBAL,ARCA15000636,JHP0065100,KMHET46C86A099736,VA,4/8/2015 6:00:00 AM
FRE,CB508,USBAL,ARCA15000636,JHP0065100,KMHET46C86A099736,VA,4/8/2015 6:00:00 AM
FRE,CB508,USBAL,ARCA15000636,JHP0065100,KMHET46C86A099736,VA,4/8/2015 6:00:00 AM
FRE,CB508,USBAL,ARCA15000636,LAY0065531,5FNYF38559B005812,VA,4/8/2015 6:00:00 AM
FRE,CB508,USBAL,ARCA15000636,LAY0065531,5FNYF38559B005812,VA,4/8/2015 6:00:00 AM
FRE,CB508,USBAL,ARCA15000636,LAY0065531,5FNYF38559B005812,VA,4/8/2015 6:00:00 AM
FRE,CB508,USBAL,ARCA15000636,JP60065118,3VWD17AJ3EM443520,VA,4/8/2015 6:00:00 AM
FRE,CB508,USBAL,ARCA15000636,JP60065118,3VWD17AJ3EM443520,VA,4/8/2015 6:00:00 AM
FRE,CB508,USBAL,ARCA15000636,JP60065118,3VWD17AJ3EM443520,VA,4/8/2015 6:00:00 AM
FRE,CB508,USBAL,ARCA15000636,JP60065349,1HGFA15556L145335,VA,4/8/2015 6:00:00 AM
FRE,CB508,USBAL,ARCA15000636,JP60065349,1HGFA15556L145335,VA,4/8/2015 6:00:00 AM
FRE,CB508,USBAL,ARCA15000636,JP60065349,1HGFA15556L145335,VA,4/8/2015 6:00:00 AM
FRE,CB508,USBAL,ARCA15000636,JP60065759,5UXZW0C51BL371469,VA,4/8/2015 6:00:00 AM
FRE,CB508,USBAL,ARCA15000636,JP60065759,5UXZW0C51BL371469,VA,4/8/2015 6:00:00 AM
FRE,CB508,USBAL,ARCA15000636,JP60065759,5UXZW0C51BL371469,VA,4/8/2015 6:00:00 AM
FRE,CB508,USBAL,ARCA15000636,JP60066124,1GNEC13V15R194218,VA,4/8/2015 6:00:00 AM
FRE,CB508,USBAL,ARCA15000636,JP60066124,1GNEC13V15R194218,VA,4/8/2015 6:00:00 AM
FRE,CB508,USBAL,ARCA15000636,JP60066124,1GNEC13V15R194218,VA,4/8/2015 6:00:00 AM
FRE,CB508,USBAL,ARCA15000636,JP70065308,1FMCU0J94EUA88058,VA,4/8/2015 6:00:00 AM
FRE,CB508,USBAL,ARCA15000636,JP70065308,1FMCU0J94EUA88058,VA,4/8/2015 6:00:00 AM
FRE,CB508,USBAL,ARCA15000636,JP70065308,1FMCU0J94EUA88058,VA,4/8/2015 6:00:00 AM
FRE,CB508,USBAL,ARCA15000636,JP50065769,3FA6P0H93ER145104,VA,4/8/2015 6:00:00 AM
FRE,CB508,USBAL,ARCA15000636,JP50065769,3FA6P0H93ER145104,VA,4/8/2015 6:00:00 AM
FRE,CB508,USBAL,ARCA15000636,JP50065769,3FA6P0H93ER145104,VA,4/8/2015 6:00:00 AM
FRE,CB508,USBAL,ARCA15000636,JP50065328,1FAHP24W69G126477,VA,4/8/2015 6:00:00 AM
FRE,CB508,USBAL,ARCA15000636,JP50065328,1FAHP24W69G126477,VA,4/8/2015 6:00:00 AM
FRE,CB508,USBAL,ARCA15000636,JP50065328,1FAHP24W69G126477,VA,4/8/2015 6:00:00 AM
FRE,CB508,USBAL,ARCA15000636,JP40064232,4A3AK24F76E025575,VA,4/8/2015 6:00:00 AM
FRE,CB508,USBAL,ARCA15000636,JP40064232,4A3AK24F76E025575,VA,4/8/2015 6:00:00 AM
FRE,CB508,USBAL,ARCA15000636,JP40064232,4A3AK24F76E025575,VA,4/8/2015 6:00:00 AM
FRE,CB508,USBAL,ARCA15000636,JP40064215,1ZVBP8AMXE5286189,VA,4/8/2015 6:00:00 AM
FRE,CB508,USBAL,ARCA15000636,JP40064215,1ZVBP8AMXE5286189,VA,4/8/2015 6:00:00 AM
FRE,CB508,USBAL,ARCA15000636,JP40064215,1ZVBP8AMXE5286189,VA,4/8/2015 6:00:00 AM
FRE,CB508,USBAL,ARCA15000636,LAZ0065538,6338768,VA,4/8/2015 6:00:00 AM
FRE,CB508,USBAL,ARCA15000636,LAZ0065538,6338768,VA,4/8/2015 6:00:00 AM
FRE,CB508,USBAL,ARCA15000636,LAZ0065538,6338768,VA,4/8/2015 6:00:00 AM
FRE,CB508,USBAL,ARCA15000636,LAZ0064019,SALDX2284SA964568,VA,4/8/2015 6:00:00 AM
FRE,CB508,USBAL,ARCA15000636,LAZ0064019,SALDX2284SA964568,VA,4/8/2015 6:00:00 AM
FRE,CB508,USBAL,ARCA15000636,LAZ0064019,SALDX2284SA964568,VA,4/8/2015 6:00:00 AM
FRE,CB508,USBAL,ARCA15000636,JP70064221,1HGCG5650XA019632,VA,4/8/2015 6:00:00 AM
FRE,CB508,USBAL,ARCA15000636,JP70064221,1HGCG5650XA019632,VA,4/8/2015 6:00:00 AM
FRE,CB508,USBAL,ARCA15000636,JP70064221,1HGCG5650XA019632,VA,4/8/2015 6:00:00 AM
FRE,CB508,USBAL,ARCA15000636,LAZ0066404,1VWAH7A34CC015129,VA,4/8/2015 6:00:00 AM
FRE,CB508,USBAL,ARCA15000636,LAZ0066404,1VWAH7A34CC015129,VA,4/8/2015 6:00:00 AM
FRE,CB508,USBAL,ARCA15000636,LAZ0066404,1VWAH7A34CC015129,VA,4/8/2015 6:00:00 AM
FRE,CB508,USBAL,ARCA15000636,JP20064815,3FA6P0HR2DR166329,VA,4/8/2015 6:00:00 AM
FRE,CB508,USBAL,ARCA15000636,JP20064815,3FA6P0HR2DR166329,VA,4/8/2015 6:00:00 AM
FRE,CB508,USBAL,ARCA15000636,JP20064815,3FA6P0HR2DR166329,VA,4/8/2015 6:00:00 AM
FRE,CB508,USBAL,ARCA15000636,KFZ0065324,1HGCP3F8XBA026370,VA,4/8/2015 6:00:00 AM
FRE,CB508,USBAL,ARCA15000636,KFZ0065324,1HGCP3F8XBA026370,VA,4/8/2015 6:00:00 AM
FRE,CB508,USBAL,ARCA15000636,KFZ0065324,1HGCP3F8XBA026370,VA,4/8/2015 6:00:00 AM
FRE,CB508,USBAL,ARCA15000636,JP40066628,WBAPH7C57AE125912,VA,4/8/2015 6:00:00 AM
FRE,CB508,USBAL,ARCA15000636,JP40066628,WBAPH7C57AE125912,VA,4/8/2015 6:00:00 AM
FRE,CB508,USBAL,ARCA15000636,JP40066628,WBAPH7C57AE125912,VA,4/8/2015 6:00:00 AM
FRE,CB508,USBAL,ARCA15000636,JP70065735,2G2WP552971205106,VA,4/8/2015 6:00:00 AM
FRE,CB508,USBAL,ARCA15000636,JP70065735,2G2WP552971205106,VA,4/8/2015 6:00:00 AM
FRE,CB508,USBAL,ARCA15000636,JP70065735,2G2WP552971205106,VA,4/8/2015 6:00:00 AM
FRE,CB508,USBAL,ARCA15000636,JP20065807,1FADP3E26DL224330,VA,4/8/2015 6:00:00 AM
FRE,CB508,USBAL,ARCA15000636,JP20065807,1FADP3E26DL224330,VA,4/8/2015 6:00:00 AM
FRE,CB508,USBAL,ARCA15000636,JP20065807,1FADP3E26DL224330,VA,4/8/2015 6:00:00 AM
FRE,CB508,USBAL,ARCA15000636,JP40066107,WAUMGBFL2EA069670,VA,4/8/2015 6:00:00 AM
FRE,CB508,USBAL,ARCA15000636,JP40066107,WAUMGBFL2EA069670,VA,4/8/2015 6:00:00 AM
FRE,CB508,USBAL,ARCA15000636,JP40066107,WAUMGBFL2EA069670,VA,4/8/2015 6:00:00 AM
FRE,CB508,USBAL,ARCA15000636,LAY0064794,1FMJU2A56BEF21224,VA,4/8/2015 6:00:00 AM
FRE,CB508,USBAL,ARCA15000636,LAY0064794,1FMJU2A56BEF21224,VA,4/8/2015 6:00:00 AM
FRE,CB508,USBAL,ARCA15000636,LAY0064794,1FMJU2A56BEF21224,VA,4/8/2015 6:00:00 AM
FRE,CB508,USBAL,ARCA15000636,JP40066574,WVWPD63B01P140349,VA,4/8/2015 6:00:00 AM
FRE,CB508,USBAL,ARCA15000636,JP40066574,WVWPD63B01P140349,VA,4/8/2015 6:00:00 AM
FRE,CB508,USBAL,ARCA15000636,JP40066574,WVWPD63B01P140349,VA,4/8/2015 6:00:00 AM
FRE,CB508,USBAL,ARCA15000636,JP40066578,1C4NJCBB0DD222894,VA,4/8/2015 6:00:00 AM
FRE,CB508,USBAL,ARCA15000636,JP40066578,1C4NJCBB0DD222894,VA,4/8/2015 6:00:00 AM
FRE,CB508,USBAL,ARCA15000636,JP40066578,1C4NJCBB0DD222894,VA,4/8/2015 6:00:00 AM
FRE,CB508,USBAL,ARCA15000636,LAZ0065809,WMWZC5C50CWM12873,VA,4/8/2015 6:00:00 AM
FRE,CB508,USBAL,ARCA15000636,LAZ0065809,WMWZC5C50CWM12873,VA,4/8/2015 6:00:00 AM
FRE,CB508,USBAL,ARCA15000636,LAZ0065809,WMWZC5C50CWM12873,VA,4/8/2015 6:00:00 AM
FRE,CB508,USBAL,ARCA15000636,JP40064793,1GKDT13S162347821,VA,4/8/2015 6:00:00 AM
FRE,CB508,USBAL,ARCA15000636,JP40064793,1GKDT13S162347821,VA,4/8/2015 6:00:00 AM
FRE,CB508,USBAL,ARCA15000636,JP40064793,1GKDT13S162347821,VA,4/8/2015 6:00:00 AM
FRE,CB508,USBAL,ARCA15000636,JHP0063290,1C4RJFBT5CC136092,VA,4/8/2015 6:00:00 AM
FRE,CB508,USBAL,ARCA15000636,JHP0063290,1C4RJFBT5CC136092,VA,4/8/2015 6:00:00 AM
FRE,CB508,USBAL,ARCA15000636,JHP0063290,1C4RJFBT5CC136092,VA,4/8/2015 6:00:00 AM
FRE,CB508,USBAL,ARCA15000636,JP40060312,2FAFP71W03X200275,VA,4/8/2015 6:00:00 AM
FRE,CB508,USBAL,ARCA15000636,JP40060312,2FAFP71W03X200275,VA,4/8/2015 6:00:00 AM
FRE,CB508,USBAL,ARCA15000636,JP40060312,2FAFP71W03X200275,VA,4/8/2015 6:00:00 AM
FRE,CB508,USBAL,ARCA15000636,LAZ0064796,2G1WG5EK8B1305095,VA,4/8/2015 6:00:00 AM
FRE,CB508,USBAL,ARCA15000636,LAZ0064796,2G1WG5EK8B1305095,VA,4/8/2015 6:00:00 AM
FRE,CB508,USBAL,ARCA15000636,LAZ0064796,2G1WG5EK8B1305095,VA,4/8/2015 6:00:00 AM
FRE,CB508,USBAL,ARCA15000636,JP20064496,JF2SH6CC6AH770573,VA,4/8/2015 6:00:00 AM
FRE,CB508,USBAL,ARCA15000636,JP20064496,JF2SH6CC6AH770573,VA,4/8/2015 6:00:00 AM
FRE,CB508,USBAL,ARCA15000636,JP20064496,JF2SH6CC6AH770573,VA,4/8/2015 6:00:00 AM
FRE,CB508,USBAL,ARCA15000636,JP50063786,3GYFNAEY6AS594873,VA,4/8/2015 6:00:00 AM
FRE,CB508,USBAL,ARCA15000636,JP50063786,3GYFNAEY6AS594873,VA,4/8/2015 6:00:00 AM
FRE,CB508,USBAL,ARCA15000636,JP50063786,3GYFNAEY6AS594873,VA,4/8/2015 6:00:00 AM
FRE,CB508,USBAL,ARCA15000636,JP40065104,YV1382MS2A2500853,VA,4/8/2015 6:00:00 AM
FRE,CB508,USBAL,ARCA15000636,JP40065104,YV1382MS2A2500853,VA,4/8/2015 6:00:00 AM
FRE,CB508,USBAL,ARCA15000636,JP40065104,YV1382MS2A2500853,VA,4/8/2015 6:00:00 AM
FRE,CB508,USBAL,ARCA15000636,JP50065520,3VWLL7AJ4CM391981,VA,4/8/2015 6:00:00 AM
FRE,CB508,USBAL,ARCA15000636,JP50065520,3VWLL7AJ4CM391981,VA,4/8/2015 6:00:00 AM
FRE,CB508,USBAL,ARCA15000636,JP50065520,3VWLL7AJ4CM391981,VA,4/8/2015 6:00:00 AM
FRE,CB508,USBAL,ARCA15000636,JP50065751,2G2FV22G112100372,VA,4/8/2015 6:00:00 AM
FRE,CB508,USBAL,ARCA15000636,JP50065751,2G2FV22G112100372,VA,4/8/2015 6:00:00 AM
FRE,CB508,USBAL,ARCA15000636,JP50065751,2G2FV22G112100372,VA,4/8/2015 6:00:00 AM
FRE,CB508,USBAL,ARCA15000636,JP20065580,1C4NJRBBXCD666303,VA,4/8/2015 6:00:00 AM
FRE,CB508,USBAL,ARCA15000636,JP20065580,1C4NJRBBXCD666303,VA,4/8/2015 6:00:00 AM
FRE,CB508,USBAL,ARCA15000636,JP20065580,1C4NJRBBXCD666303,VA,4/8/2015 6:00:00 AM
FRE,CB508,USBAL,ARCA15000636,JP70065306,JTHBK262365025220,VA,4/8/2015 6:00:00 AM
FRE,CB508,USBAL,ARCA15000636,JP70065306,JTHBK262365025220,VA,4/8/2015 6:00:00 AM
FRE,CB508,USBAL,ARCA15000636,JP70065306,JTHBK262365025220,VA,4/8/2015 6:00:00 AM
